gateway_txn_id,transaction_id,date,gross_amount,fee,status,payment_method,merchant_id,customer_id,captured_at
GW_88e2328f344,TXN_A5D588B1,2026-08-19,4234.37,84.69,SUCCESS,UPI,merch_e6614b,cust_1060b481,2026-08-19T18:21:31Z
GW_09746d46db6,TXN_67AE5295,2026-08-11,1525.48,30.51,SUCCESS,UPI,merch_e6614b,cust_a1e3bc0f,2026-08-11T00:51:27Z
GW_e7293cb5d99,TXN_59D80763,2026-08-14,3728.87,74.58,SUCCESS,UPI,merch_e6614b,cust_ba263a65,2026-08-14T00:57:04Z
GW_f00780b1f16,TXN_71D90CEE,2026-08-31,3220.96,64.42,SUCCESS,UPI,merch_e6614b,cust_e2d75832,2026-08-31T10:45:34Z
GW_b553762594a,TXN_974613D9,2026-08-25,1928.0,38.56,SUCCESS,UPI,merch_e6614b,cust_22a4e67c,2026-08-25T19:21:09Z
GW_d90bda106bf,TXN_CD581293,2026-08-05,2483.39,49.67,SUCCESS,UPI,merch_e6614b,cust_1bcc99ca,2026-08-05T22:21:44Z
GW_4574c6bcfd0,TXN_A8D2D42E,2026-08-15,2910.46,58.21,SUCCESS,UPI,merch_e6614b,cust_c6d6403c,2026-08-15T17:21:27Z
GW_1c4f9a17905,TXN_75D85B50,2026-08-06,1732.11,34.64,SUCCESS,UPI,merch_e6614b,cust_204e4164,2026-08-06T12:35:25Z
GW_b650bbd88e2,TXN_7ABCDFFA,2026-08-26,504.04,10.08,SUCCESS,UPI,merch_e6614b,cust_99f01484,2026-08-26T12:01:52Z
GW_8885b625f32,TXN_7E1B356B,2026-08-27,575.5,11.51,SUCCESS,UPI,merch_e6614b,cust_62515fe2,2026-08-27T17:56:27Z
GW_f39a463e95a,TXN_581743D3,2026-08-26,1697.51,33.95,SUCCESS,UPI,merch_e6614b,cust_eccdbf3d,2026-08-26T03:04:09Z
GW_db617802f4d,TXN_139170FC,2026-08-31,99.2,1.98,SUCCESS,UPI,merch_e6614b,cust_f7678e19,2026-08-31T14:59:48Z
GW_cffb476952e,TXN_9D19590B,2026-09-01,3611.33,72.23,SUCCESS,UPI,merch_e6614b,cust_bb6ff815,2026-09-01T13:31:49Z
GW_a6863777559,TXN_5CAA6501,2026-08-15,839.14,16.78,SUCCESS,UPI,merch_e6614b,cust_761c1683,2026-08-15T11:02:38Z
GW_6de83d5803d,TXN_EE3462E3,2026-08-27,1387.29,27.75,SUCCESS,UPI,merch_e6614b,cust_f5ea745d,2026-08-27T00:41:14Z
GW_d223ba57b3e,TXN_1F669F40,2026-08-26,4012.29,80.25,SUCCESS,UPI,merch_e6614b,cust_e2a9ff56,2026-08-26T06:54:13Z
GW_73d33bce0f7,TXN_FCFD9383,2026-08-22,2183.21,43.66,SUCCESS,UPI,merch_e6614b,cust_d6a2c97c,2026-08-22T06:55:13Z
GW_2868a19d7ef,TXN_25EA83B3,2026-08-28,1726.52,34.53,SUCCESS,UPI,merch_e6614b,cust_2b9b8e5d,2026-08-28T00:54:02Z
GW_bcf64a96797,TXN_6BB17682,2026-08-23,1629.77,32.6,SUCCESS,UPI,merch_e6614b,cust_5fbe07c2,2026-08-23T17:22:27Z
GW_bd2e35f1832,TXN_284B783C,2026-08-27,4009.35,80.19,SUCCESS,UPI,merch_e6614b,cust_739dac9a,2026-08-27T15:07:16Z
GW_c6489222963,TXN_0C9FE8C4,2026-08-10,2668.89,53.38,SUCCESS,UPI,merch_e6614b,cust_1cc6e31d,2026-08-10T20:02:29Z
GW_c2e41033744,TXN_FA4B2610,2026-08-27,1179.35,23.59,SUCCESS,UPI,merch_e6614b,cust_f72474f8,2026-08-27T15:41:59Z
GW_5eb06b950bd,TXN_271805B9,2026-08-08,2545.58,50.91,SUCCESS,UPI,merch_e6614b,cust_8fee3cd1,2026-08-08T20:20:40Z
GW_a920db727d4,TXN_8C3C652C,2026-09-03,1713.85,34.28,SUCCESS,UPI,merch_e6614b,cust_12be356c,2026-09-03T20:30:33Z
GW_136d803e255,TXN_4385BD02,2026-08-08,1824.71,36.49,SUCCESS,UPI,merch_e6614b,cust_9f659229,2026-08-08T05:11:35Z
GW_c2f31037429,TXN_EC5AEBCE,2026-08-17,4193.5,83.87,SUCCESS,UPI,merch_e6614b,cust_98ad5565,2026-08-17T23:23:16Z
GW_5632f5125a7,TXN_809122E9,2026-08-24,3582.97,71.66,SUCCESS,UPI,merch_e6614b,cust_7b1573cf,2026-08-24T23:46:06Z
GW_41126bbfef6,TXN_7A7A2CCA,2026-08-26,4564.59,91.29,SUCCESS,UPI,merch_e6614b,cust_1839e609,2026-08-26T13:56:20Z
GW_2c4e7e23d71,TXN_90E9B10B,2026-08-12,4346.88,86.94,SUCCESS,UPI,merch_e6614b,cust_ed66040c,2026-08-12T21:16:28Z
GW_f231c38fb1f,TXN_DC3AA0A6,2026-08-26,1482.65,29.65,SUCCESS,UPI,merch_e6614b,cust_e346a7e4,2026-08-26T23:41:49Z
GW_fca4866847d,TXN_4F3674FA,2026-08-11,3047.74,58.49,SUCCESS,UPI,merch_e6614b,cust_a825fdcf,2026-08-11T20:34:28Z
GW_aacd65d9563,TXN_6926F38F,2026-08-17,327.83,6.56,SUCCESS,UPI,merch_e6614b,cust_09739113,2026-08-17T19:00:33Z
GW_bae4abbfc74,TXN_A3C027BF,2026-08-14,1233.94,24.68,SUCCESS,UPI,merch_e6614b,cust_ffdfeebc,2026-08-14T02:25:57Z
GW_ab59638da7a,TXN_DC40C439,2026-08-27,4350.67,87.01,SUCCESS,UPI,merch_e6614b,cust_f22ee36c,2026-08-27T21:17:40Z
GW_1a4fa25fedf,TXN_8460CEBB,2026-08-28,1291.29,25.83,SUCCESS,UPI,merch_e6614b,cust_1667b1c4,2026-08-28T03:45:43Z
GW_2b8bb540ac3,TXN_CA85F650,2026-08-21,4568.04,91.36,SUCCESS,UPI,merch_e6614b,cust_3826e73d,2026-08-21T03:51:47Z
GW_dd370b12ecc,TXN_86479BA7,2026-09-03,3932.07,78.64,SUCCESS,UPI,merch_e6614b,cust_7954263c,2026-09-03T05:33:13Z
GW_03b6d6cdf1e,TXN_28573B57,2026-08-26,2762.77,55.26,SUCCESS,UPI,merch_e6614b,cust_ac6ae056,2026-08-26T00:18:44Z
GW_4db0556e22e,TXN_86538E94,2026-08-23,122.47,2.45,SUCCESS,UPI,merch_e6614b,cust_b98d04f6,2026-08-23T04:56:19Z
GW_f504bcb2741,TXN_826C78A4,2026-08-22,277.77,5.56,SUCCESS,UPI,merch_e6614b,cust_6f39f538,2026-08-22T22:54:23Z
GW_51ba65f5a40,TXN_8E147F2B,2026-08-19,1445.03,28.9,SUCCESS,UPI,merch_e6614b,cust_0340edf0,2026-08-19T21:05:40Z
GW_1d4da836cb1,TXN_EE9FC622,2026-08-23,2523.21,50.46,SUCCESS,UPI,merch_e6614b,cust_2b0301d5,2026-08-23T11:00:49Z
GW_7a3e2ba4878,TXN_5BF05146,2026-09-01,10.72,0.21,SUCCESS,UPI,merch_e6614b,cust_1ae30bc3,2026-09-01T10:43:13Z
GW_b2ecce03111,TXN_040BDBE7,2026-08-09,1695.21,33.9,SUCCESS,UPI,merch_e6614b,cust_46cce530,2026-08-09T05:13:44Z
GW_5ca5b3856ba,TXN_54E40927,2026-08-16,4702.38,94.05,SUCCESS,UPI,merch_e6614b,cust_4356f2d5,2026-08-16T05:21:44Z
GW_81932dcf9b8,TXN_E7992F22,2026-08-06,3781.21,75.62,SUCCESS,UPI,merch_e6614b,cust_96392f40,2026-08-06T10:08:03Z
GW_7cfdfa1946b,TXN_F45900C2,2026-08-24,2697.58,53.95,SUCCESS,UPI,merch_e6614b,cust_5b761414,2026-08-24T08:53:18Z
GW_a2a32601a9b,TXN_9A5D1C9A,2026-08-12,1622.44,32.45,SUCCESS,UPI,merch_e6614b,cust_9c5ad511,2026-08-12T18:18:10Z
GW_26165ff6bf9,TXN_7C39E09B,2026-08-28,1907.22,38.14,SUCCESS,UPI,merch_e6614b,cust_72c482b7,2026-08-28T19:49:44Z
GW_0dbcb188017,TXN_03B9E857,2026-08-22,1066.72,21.33,SUCCESS,UPI,merch_e6614b,cust_2053a27c,2026-08-22T11:31:00Z
GW_fe905ff1470,TXN_86781258,2026-08-11,2646.93,52.94,SUCCESS,UPI,merch_e6614b,cust_b9fc819c,2026-08-11T23:11:37Z
GW_b069a2936e4,TXN_41828265,2026-08-24,390.62,7.81,SUCCESS,UPI,merch_e6614b,cust_1040825d,2026-08-24T08:17:49Z
GW_36231a20103,TXN_642B9475,2026-08-15,1869.19,37.38,SUCCESS,UPI,merch_e6614b,cust_d001248f,2026-08-15T13:36:19Z
GW_dfa1e69820b,TXN_9187C542,2026-09-01,4413.99,88.28,SUCCESS,UPI,merch_e6614b,cust_77956f25,2026-09-01T21:57:56Z
GW_6989c25f6af,TXN_EC7A210B,2026-09-03,2316.07,46.32,SUCCESS,UPI,merch_e6614b,cust_8eb6225c,2026-09-03T16:49:26Z
GW_b87c863bf8a,TXN_4D651C8E,2026-08-14,2273.06,45.46,SUCCESS,UPI,merch_e6614b,cust_27144ee2,2026-08-14T01:07:59Z
GW_33be7acf640,TXN_1986FBF4,2026-08-19,116.56,2.33,SUCCESS,UPI,merch_e6614b,cust_219ac7a6,2026-08-19T12:38:56Z
GW_616f22673b6,TXN_2D8A2F0E,2026-08-20,3118.94,62.38,SUCCESS,UPI,merch_e6614b,cust_3d61c9e5,2026-08-20T20:33:38Z
GW_ca4c356b9e3,TXN_E610247D,2026-08-22,1255.96,25.12,SUCCESS,UPI,merch_e6614b,cust_cb52ac9e,2026-08-22T00:39:34Z
GW_b6a5d68524d,TXN_ACA1A094,2026-08-30,4942.01,98.84,SUCCESS,UPI,merch_e6614b,cust_71397b09,2026-08-30T10:15:19Z
GW_eff3a92ba48,TXN_8DC0C8CF,2026-08-06,4804.13,96.08,SUCCESS,UPI,merch_e6614b,cust_095c0c75,2026-08-06T02:53:51Z
GW_3bb394e9b61,TXN_98D0D6AA,2026-08-10,788.97,15.78,REFUNDED,UPI,merch_e6614b,cust_077e9c03,2026-08-10T06:06:08Z
GW_02b2553ae8d,TXN_DDEBA675,2026-08-08,4054.88,81.1,SUCCESS,UPI,merch_e6614b,cust_7694ad98,2026-08-08T02:47:14Z
GW_ee3c5e7cfa0,TXN_2B9770DE,2026-08-25,3980.93,79.62,SUCCESS,UPI,merch_e6614b,cust_e893536b,2026-08-25T20:58:19Z
GW_7f792ad5349,TXN_0F13415C,2026-09-01,1418.12,28.36,SUCCESS,UPI,merch_e6614b,cust_1c456530,2026-09-01T00:06:03Z
GW_a816a13a38c,TXN_86DDA896,2026-08-15,2342.6,46.85,SUCCESS,UPI,merch_e6614b,cust_6b335a1f,2026-08-15T17:32:05Z
GW_a37eed106ba,TXN_D70F9E63,2026-08-29,2402.63,48.05,SUCCESS,UPI,merch_e6614b,cust_e0a60002,2026-08-29T16:19:57Z
GW_983b57780a7,TXN_9C48A5D3,2026-08-17,4255.02,85.1,SUCCESS,UPI,merch_e6614b,cust_b2c5951b,2026-08-17T21:07:41Z
GW_f4ca1b866fa,TXN_C6C07F33,2026-08-07,3905.69,78.11,SUCCESS,UPI,merch_e6614b,cust_d065b3e5,2026-08-07T15:40:01Z
GW_fe9ad1d08ba,TXN_37AD4597,2026-08-21,4922.91,98.46,SUCCESS,UPI,merch_e6614b,cust_c35bdc6d,2026-08-21T10:10:09Z
GW_267059e4954,TXN_27CC1D44,2026-09-02,2950.87,59.02,SUCCESS,UPI,merch_e6614b,cust_36728bb2,2026-09-02T01:19:14Z
GW_74a29db8093,TXN_CE1CE344,2026-08-30,2446.15,48.92,SUCCESS,UPI,merch_e6614b,cust_2e41b92c,2026-08-30T18:13:16Z
GW_c0d2f93b0c2,TXN_42DDB0D3,2026-08-11,2582.49,51.65,SUCCESS,UPI,merch_e6614b,cust_75a9653b,2026-08-11T09:44:19Z
GW_7b1215f0307,TXN_5B34698A,2026-09-03,335.0,6.7,SUCCESS,UPI,merch_e6614b,cust_5a905261,2026-09-03T08:57:49Z
GW_48ded57ecd3,TXN_2CF66461,2026-08-20,4213.48,81.62,SUCCESS,UPI,merch_e6614b,cust_4bae8980,2026-08-20T18:27:52Z
GW_650f7b03971,TXN_47F581A8,2026-08-17,3958.42,79.17,SUCCESS,UPI,merch_e6614b,cust_8a495280,2026-08-17T14:49:16Z
GW_f2379d8d727,TXN_E0E3363B,2026-08-14,1739.48,34.79,SUCCESS,UPI,merch_e6614b,cust_99d34619,2026-08-14T21:33:01Z
GW_175e2153435,TXN_A5749BCA,2026-09-03,4950.25,99.0,SUCCESS,UPI,merch_e6614b,cust_f9fbcdde,2026-09-03T20:19:52Z
GW_189c80693f9,TXN_5709B74D,2026-08-17,2371.6,47.43,SUCCESS,UPI,merch_e6614b,cust_3f920e96,2026-08-17T16:15:27Z
GW_dbfdce34638,TXN_47C0153C,2026-08-14,4325.16,86.5,SUCCESS,UPI,merch_e6614b,cust_17f8c6ec,2026-08-14T21:20:27Z
GW_de9ffa50cba,TXN_3E9D9787,2026-09-01,4796.76,95.94,SUCCESS,UPI,merch_e6614b,cust_df8e42a3,2026-09-01T02:23:08Z
GW_23274beb508,TXN_1B0A3855,2026-08-12,1197.51,23.95,SUCCESS,UPI,merch_e6614b,cust_5ffb3696,2026-08-12T06:57:58Z
GW_66b3d8c83d2,TXN_F14E4487,2026-08-27,1023.02,20.46,SUCCESS,UPI,merch_e6614b,cust_fc74ac82,2026-08-27T22:05:17Z
GW_f6c22fa1654,TXN_E72813AC,2026-08-16,58.86,1.13,SUCCESS,UPI,merch_e6614b,cust_c6a8dbb2,2026-08-16T11:01:27Z
GW_49da5a07c8a,TXN_010F0140,2026-08-11,4062.42,81.25,SUCCESS,UPI,merch_e6614b,cust_60c6ddd5,2026-08-11T01:08:20Z
GW_657f44fcc83,TXN_D957DE96,2026-08-07,1568.76,31.38,SUCCESS,UPI,merch_e6614b,cust_c3d2fc8b,2026-08-07T21:33:08Z
GW_613ecfe9632,TXN_A1BA6B59,2026-08-16,2657.54,53.15,SUCCESS,UPI,merch_e6614b,cust_9a542153,2026-08-16T16:06:26Z
GW_f435e4e288b,TXN_47712795,2026-08-21,4031.25,80.62,SUCCESS,UPI,merch_e6614b,cust_980e8c0f,2026-08-21T06:07:23Z
GW_1ad2de1f45c,TXN_792A6BCD,2026-08-17,4285.45,85.71,SUCCESS,UPI,merch_e6614b,cust_e3a4ebd4,2026-08-17T10:27:49Z
GW_62b17b3589a,TXN_2109F01F,2026-08-23,3642.54,72.85,SUCCESS,UPI,merch_e6614b,cust_dfae1548,2026-08-23T14:46:22Z
GW_268a630fb2c,TXN_B27FB2CD,2026-08-14,37.12,0.74,SUCCESS,UPI,merch_e6614b,cust_b2ef577a,2026-08-14T05:51:55Z
GW_103a44bf00e,TXN_E9CE9F8E,2026-08-19,1104.15,22.08,SUCCESS,UPI,merch_e6614b,cust_71b4f5fb,2026-08-19T21:26:03Z
GW_3b71d6f7400,TXN_7FD9B15A,2026-08-29,3261.18,65.22,SUCCESS,UPI,merch_e6614b,cust_76d4f482,2026-08-29T01:05:43Z
GW_dc772e397c4,TXN_63B39366,2026-08-27,2084.96,41.7,SUCCESS,UPI,merch_e6614b,cust_2a7f61bd,2026-08-27T07:38:40Z
GW_7227a11d324,TXN_513B652B,2026-08-31,91.01,1.82,SUCCESS,UPI,merch_e6614b,cust_31ed48a0,2026-08-31T07:43:01Z
GW_e6b60672bff,TXN_C95517E1,2026-09-01,4019.54,80.39,SUCCESS,UPI,merch_e6614b,cust_4eee6606,2026-09-01T02:46:06Z
GW_1afeed7eab5,TXN_408DDDA7,2026-09-03,2374.41,47.49,SUCCESS,UPI,merch_e6614b,cust_5fd7669f,2026-09-03T15:27:32Z
GW_8748912e0c9,TXN_1F455F11,2026-09-03,1261.98,24.56,SUCCESS,UPI,merch_e6614b,cust_8be7b8f5,2026-09-03T21:16:07Z
GW_475be683b76,TXN_3896268A,2026-08-19,1408.86,28.18,SUCCESS,UPI,merch_e6614b,cust_df6d4822,2026-08-19T10:57:39Z
GW_ac1cd6c2c9f,TXN_EA105E04,2026-08-12,375.64,7.51,SUCCESS,UPI,merch_e6614b,cust_1c029f1e,2026-08-12T01:34:31Z
GW_9792425400c,TXN_A69F5F20,2026-08-28,1124.1,22.48,SUCCESS,UPI,merch_e6614b,cust_acd8dda2,2026-08-28T08:48:30Z
GW_7eab508086f,TXN_C401F9B7,2026-08-07,2114.91,42.3,SUCCESS,UPI,merch_e6614b,cust_133fe802,2026-08-07T15:19:35Z
GW_e808c4b0b47,TXN_B3BFECE3,2026-08-06,2198.44,43.97,SUCCESS,UPI,merch_e6614b,cust_c54443b4,2026-08-06T02:12:52Z
GW_8e5591bb839,TXN_7851D67B,2026-08-05,2497.28,49.95,REFUNDED,UPI,merch_e6614b,cust_5f556123,2026-08-05T10:53:35Z
GW_e391f46695d,TXN_823FDFA9,2026-08-22,1178.88,23.58,SUCCESS,UPI,merch_e6614b,cust_ac2ebd2f,2026-08-22T05:24:24Z
GW_afff3995456,TXN_B4986C49,2026-08-14,331.93,6.64,SUCCESS,UPI,merch_e6614b,cust_5da77921,2026-08-14T21:12:57Z
GW_1f19e650620,TXN_B8B3141E,2026-09-02,4857.67,97.15,SUCCESS,UPI,merch_e6614b,cust_9e371e7a,2026-09-02T09:34:15Z
GW_95138151672,TXN_2A4FFB3D,2026-08-29,3412.95,68.26,SUCCESS,UPI,merch_e6614b,cust_44e3395a,2026-08-29T22:21:25Z
GW_81a4cfcff4c,TXN_9A45331B,2026-08-20,408.0,8.16,SUCCESS,UPI,merch_e6614b,cust_3e36ade3,2026-08-20T03:39:54Z
GW_519dba4492c,TXN_1C55D4B7,2026-08-15,2293.77,45.88,SUCCESS,UPI,merch_e6614b,cust_4a11d668,2026-08-15T11:46:48Z
GW_0b5adfb6790,TXN_BDBD444C,2026-08-30,2041.74,40.83,SUCCESS,UPI,merch_e6614b,cust_849c83fd,2026-08-30T02:21:49Z
GW_fc1017f885e,TXN_3E952EB2,2026-08-06,1954.68,37.42,SUCCESS,UPI,merch_e6614b,cust_a14e9568,2026-08-06T00:36:20Z
GW_4af503d2d04,TXN_EA46C466,2026-08-24,3957.81,79.16,SUCCESS,UPI,merch_e6614b,cust_1caccc26,2026-08-24T09:42:58Z
GW_0626fd7eee1,TXN_FEC92328,2026-08-08,3170.85,63.42,SUCCESS,UPI,merch_e6614b,cust_568ede54,2026-08-08T09:22:29Z
GW_a4d97e4c74c,TXN_2BDC1362,2026-08-19,3026.28,60.53,SUCCESS,UPI,merch_e6614b,cust_00c0cb46,2026-08-19T14:04:50Z
GW_006d4574028,TXN_26ED86EE,2026-08-26,3525.52,70.51,SUCCESS,UPI,merch_e6614b,cust_0d2a9a65,2026-08-26T05:53:12Z
GW_60c4e148ca4,TXN_614CA9D7,2026-08-14,4102.74,82.05,SUCCESS,UPI,merch_e6614b,cust_d0ca1a77,2026-08-14T23:44:34Z
GW_3aabadb0fe9,TXN_EFD87B66,2026-08-14,4606.2,92.12,SUCCESS,UPI,merch_e6614b,cust_cab9dfb8,2026-08-14T12:23:42Z
GW_4a29b4c7e8c,TXN_A4C7F864,2026-09-02,4312.81,86.26,SUCCESS,UPI,merch_e6614b,cust_16c97a8c,2026-09-02T04:28:45Z
GW_f0bee69ffac,TXN_C9473B5E,2026-09-03,422.8,8.32,SUCCESS,UPI,merch_e6614b,cust_287fa493,2026-09-03T18:08:14Z
GW_47ed01b8976,TXN_50C9DFC6,2026-08-17,2859.73,57.19,SUCCESS,UPI,merch_e6614b,cust_cdbb5380,2026-08-17T19:23:48Z
GW_7430b90fb72,TXN_978FB2CB,2026-08-15,4523.04,90.46,SUCCESS,UPI,merch_e6614b,cust_2ad9a106,2026-08-15T09:48:19Z
GW_4961a24ce02,TXN_BF29324A,2026-09-02,382.61,7.65,SUCCESS,UPI,merch_e6614b,cust_53f67ca5,2026-09-02T13:57:20Z
GW_9803598270a,TXN_242051FA,2026-08-16,4031.97,80.64,SUCCESS,UPI,merch_e6614b,cust_db4b014e,2026-08-16T16:40:49Z
GW_ab1dcbcfd4a,TXN_B401207C,2026-08-12,332.06,6.64,SUCCESS,UPI,merch_e6614b,cust_71f381d0,2026-08-12T15:30:09Z
GW_f02cd9fabca,TXN_BC480D63,2026-08-25,290.08,5.8,SUCCESS,UPI,merch_e6614b,cust_b66ecce5,2026-08-25T08:06:19Z
GW_ce242ef48b5,TXN_4E2D4CA7,2026-08-19,4201.92,84.04,SUCCESS,UPI,merch_e6614b,cust_9fd8c10b,2026-08-19T03:51:00Z
GW_3998d8b6e1e,TXN_37A00970,2026-08-21,4800.24,96.0,SUCCESS,UPI,merch_e6614b,cust_d4217984,2026-08-21T03:39:15Z
GW_f006e4b7a9a,TXN_B066A63B,2026-08-25,682.14,13.64,SUCCESS,UPI,merch_e6614b,cust_d711ab52,2026-08-25T20:49:39Z
GW_da3711cb170,TXN_71BA16C6,2026-08-18,4146.88,82.94,SUCCESS,UPI,merch_e6614b,cust_5b908570,2026-08-18T22:04:53Z
GW_c8a5da7fb14,TXN_DA12CE61,2026-08-08,2153.75,43.08,SUCCESS,UPI,merch_e6614b,cust_ee36a5a9,2026-08-08T12:27:32Z
GW_549b1635d8a,TXN_B80E3152,2026-09-02,951.97,19.04,SUCCESS,UPI,merch_e6614b,cust_f1878c13,2026-09-02T06:53:13Z
GW_e66dc0abff3,TXN_5BEB167C,2026-08-12,1439.54,28.79,SUCCESS,UPI,merch_e6614b,cust_d595490d,2026-08-12T17:53:05Z
GW_4f03ae5809b,TXN_3CB2B7FA,2026-08-10,4571.41,91.43,SUCCESS,UPI,merch_e6614b,cust_0b9c467f,2026-08-10T06:01:27Z
GW_c95478c8891,TXN_B29F2497,2026-08-25,525.4,10.51,SUCCESS,UPI,merch_e6614b,cust_726b3143,2026-08-25T23:10:56Z
GW_c9c51cb4aaf,TXN_F17CFD26,2026-08-15,851.86,17.04,SUCCESS,UPI,merch_e6614b,cust_b01c610c,2026-08-15T09:34:19Z
GW_526dfaeb7cb,TXN_35C3A48D,2026-08-14,4593.08,91.86,SUCCESS,UPI,merch_e6614b,cust_5ece4259,2026-08-14T20:06:26Z
GW_c46f05b5580,TXN_FC2A9BA2,2026-08-21,3486.46,69.73,SUCCESS,UPI,merch_e6614b,cust_d73b674f,2026-08-21T01:39:10Z
GW_ddee88bbb7d,TXN_230FAA50,2026-08-19,1581.92,31.64,SUCCESS,UPI,merch_e6614b,cust_221cd6ce,2026-08-19T15:38:17Z
GW_efd788ce7c5,TXN_B5296A80,2026-08-08,1331.4,26.63,SUCCESS,UPI,merch_e6614b,cust_6b3c02cb,2026-08-08T08:46:56Z
GW_5f7be813235,TXN_0A18E07D,2026-08-12,4239.62,84.79,SUCCESS,UPI,merch_e6614b,cust_78b18a1c,2026-08-12T07:47:54Z
GW_35fecad7653,TXN_AE409C04,2026-08-12,1985.09,39.7,SUCCESS,UPI,merch_e6614b,cust_03e7fee6,2026-08-12T10:40:44Z
GW_8c836f34b28,TXN_E9DE8189,2026-08-30,3336.56,66.73,SUCCESS,UPI,merch_e6614b,cust_ee6fb04d,2026-08-30T07:02:04Z
GW_e4c05cd2c17,TXN_07F974E0,2026-08-28,4518.0,90.36,SUCCESS,UPI,merch_e6614b,cust_61b77e83,2026-08-28T11:06:08Z
GW_7c6d599ee2c,TXN_FF8CD2F8,2026-08-11,3256.39,65.13,SUCCESS,UPI,merch_e6614b,cust_f9bfff66,2026-08-11T11:59:33Z
GW_1bade599042,TXN_A3DE8F04,2026-08-09,3266.36,65.33,SUCCESS,UPI,merch_e6614b,cust_902fce3d,2026-08-09T01:52:16Z
GW_a9d3794dcda,TXN_CEFD748B,2026-08-06,3220.03,64.4,SUCCESS,UPI,merch_e6614b,cust_6ed86ae6,2026-08-06T13:45:52Z
GW_d7da8d06ec1,TXN_22D7B806,2026-08-24,1055.88,21.12,SUCCESS,UPI,merch_e6614b,cust_60cd26ca,2026-08-24T11:20:21Z
GW_4e0fad14896,TXN_1F27F4EB,2026-09-03,1755.42,35.11,SUCCESS,UPI,merch_e6614b,cust_eb22e496,2026-09-03T23:01:13Z
GW_06c162b0865,TXN_54817584,2026-08-26,4730.15,94.6,SUCCESS,UPI,merch_e6614b,cust_7bae51da,2026-08-26T08:20:12Z
GW_044c3192f60,TXN_A031ABF9,2026-08-20,2683.92,53.68,REFUNDED,UPI,merch_e6614b,cust_8ff3267b,2026-08-20T02:01:44Z
GW_d8d71c710fc,TXN_E3CC0735,2026-08-18,4758.0,95.16,SUCCESS,UPI,merch_e6614b,cust_1398870e,2026-08-18T18:28:25Z
GW_2011f58986a,TXN_EEDDE406,2026-08-28,4317.12,86.34,SUCCESS,UPI,merch_e6614b,cust_6a39388d,2026-08-28T19:16:40Z
GW_34061d71861,TXN_50ACCF99,2026-09-02,974.76,19.5,SUCCESS,UPI,merch_e6614b,cust_91b9bf98,2026-09-02T10:02:20Z
GW_7ee0b676261,TXN_6219F196,2026-08-25,2707.65,54.15,SUCCESS,UPI,merch_e6614b,cust_f14713e8,2026-08-25T12:13:06Z
GW_5dbad71685b,TXN_DA6C11AE,2026-08-27,1943.0,38.86,SUCCESS,UPI,merch_e6614b,cust_69659f5f,2026-08-27T11:56:10Z
GW_12a1b21263e,TXN_6B67C0C9,2026-08-30,3371.11,67.42,SUCCESS,UPI,merch_e6614b,cust_2fbc4b52,2026-08-30T23:36:58Z
GW_67144cfed94,TXN_9C9FCB4D,2026-08-13,121.55,2.43,SUCCESS,UPI,merch_e6614b,cust_895dfe15,2026-08-13T10:49:08Z
GW_e19ce8a69bd,TXN_CC8388AF,2026-08-14,4643.34,92.87,SUCCESS,UPI,merch_e6614b,cust_6cabeb42,2026-08-14T04:31:04Z
GW_f634e132430,TXN_4DDD8540,2026-08-28,4474.62,89.49,SUCCESS,UPI,merch_e6614b,cust_77a757a3,2026-08-28T04:42:16Z
GW_573f9da81e3,TXN_427C98C2,2026-08-11,2692.32,53.85,SUCCESS,UPI,merch_e6614b,cust_c3bda99b,2026-08-11T03:42:47Z
GW_cd7d67b20ea,TXN_8244B029,2026-08-11,1260.27,25.21,SUCCESS,UPI,merch_e6614b,cust_428e0493,2026-08-11T06:50:11Z
GW_7b890d155e4,TXN_8B0DEDEB,2026-08-07,1693.69,33.87,SUCCESS,UPI,merch_e6614b,cust_46d400de,2026-08-07T18:43:27Z
GW_8871dd132b4,TXN_5E5C1960,2026-08-21,2077.88,41.56,SUCCESS,UPI,merch_e6614b,cust_85c99c7c,2026-08-21T12:29:20Z
GW_ecc6f864a74,TXN_72C3F84A,2026-08-06,1935.19,38.7,SUCCESS,UPI,merch_e6614b,cust_ed6c2727,2026-08-06T17:36:04Z
GW_d84dbafd8a3,TXN_0CF4CC66,2026-08-08,2861.97,57.24,SUCCESS,UPI,merch_e6614b,cust_110732db,2026-08-08T15:03:40Z
GW_6012138334d,TXN_0CFB84F1,2026-08-16,749.51,14.99,SUCCESS,UPI,merch_e6614b,cust_b5686afe,2026-08-16T02:25:44Z
GW_850451a1562,TXN_DD9590CE,2026-08-15,3163.38,63.27,SUCCESS,UPI,merch_e6614b,cust_b1577db9,2026-08-15T23:33:48Z
GW_dcc3bce906b,TXN_60C2CF62,2026-08-18,3103.07,62.06,SUCCESS,UPI,merch_e6614b,cust_74b0539d,2026-08-18T09:09:12Z
GW_0a78a37f54c,TXN_47EC9669,2026-08-07,4730.7,94.61,SUCCESS,UPI,merch_e6614b,cust_941b873a,2026-08-07T02:03:47Z
GW_7cd3a6f015b,TXN_41689D34,2026-08-10,4556.86,91.14,SUCCESS,UPI,merch_e6614b,cust_8645b007,2026-08-10T17:52:23Z
GW_3c54fd03b62,TXN_D17F6A8B,2026-08-18,455.89,9.12,SUCCESS,UPI,merch_e6614b,cust_b4eb40b6,2026-08-18T01:21:46Z
GW_d3143978880,TXN_3C555D95,2026-08-27,625.64,12.51,SUCCESS,UPI,merch_e6614b,cust_91fe31f1,2026-08-27T01:12:42Z
GW_df1320920b4,TXN_F4C96502,2026-08-16,3885.6,77.71,SUCCESS,UPI,merch_e6614b,cust_5c89c599,2026-08-16T04:12:14Z
GW_2033e390b52,TXN_C9047248,2026-09-01,2181.04,43.62,SUCCESS,UPI,merch_e6614b,cust_71a8f93f,2026-09-01T14:35:18Z
GW_225388f1a25,TXN_8627FEA1,2026-09-02,3681.58,73.63,SUCCESS,UPI,merch_e6614b,cust_2c809635,2026-09-02T07:52:31Z
GW_42bda91e2a2,TXN_2597701B,2026-08-05,2476.74,49.53,SUCCESS,UPI,merch_e6614b,cust_90a4705c,2026-08-05T04:40:59Z
GW_d76dea675dd,TXN_72EE1CFB,2026-08-19,4548.75,90.98,SUCCESS,UPI,merch_e6614b,cust_8f94fbc1,2026-08-19T00:34:10Z
GW_e5dbe0843b4,TXN_7D9C50B4,2026-08-15,4031.15,80.62,SUCCESS,UPI,merch_e6614b,cust_5b400693,2026-08-15T17:10:29Z
GW_12229fac8fe,TXN_8F9BA265,2026-08-22,3250.52,65.01,SUCCESS,UPI,merch_e6614b,cust_b83f0eac,2026-08-22T03:07:00Z
GW_f74608df71e,TXN_F85C2529,2026-08-10,4440.89,88.82,SUCCESS,UPI,merch_e6614b,cust_0f1d3b47,2026-08-10T08:41:42Z
GW_a81cdbfa0da,TXN_7A282E3E,2026-08-18,236.35,4.73,SUCCESS,UPI,merch_e6614b,cust_6a0f029e,2026-08-18T10:16:31Z
GW_68bde53cbc5,TXN_1FC4AC38,2026-08-24,4030.23,80.6,SUCCESS,UPI,merch_e6614b,cust_74c742c2,2026-08-24T01:19:16Z
GW_94ab2c71a28,TXN_6B1FC86B,2026-08-28,2957.94,59.16,SUCCESS,UPI,merch_e6614b,cust_4528c160,2026-08-28T15:13:26Z
GW_8b68c5bd287,TXN_7D7753D0,2026-08-09,3558.84,71.18,SUCCESS,UPI,merch_e6614b,cust_2eec7b02,2026-08-09T15:57:48Z
GW_6b0fe91c4dc,TXN_70DCC290,2026-08-13,227.41,4.55,SUCCESS,UPI,merch_e6614b,cust_684e7dcb,2026-08-13T13:57:54Z
GW_028165671cd,TXN_B453317A,2026-09-01,2758.22,55.16,SUCCESS,UPI,merch_e6614b,cust_1ac17c50,2026-09-01T06:39:27Z
GW_4f84bec51e3,TXN_80977290,2026-08-31,946.18,18.92,SUCCESS,UPI,merch_e6614b,cust_c46873e6,2026-08-31T15:13:25Z
GW_27e1dc4befa,TXN_A9E525D5,2026-08-08,2652.34,51.23,SUCCESS,UPI,merch_e6614b,cust_1f1c59d4,2026-08-08T04:43:52Z
GW_4d52f30f02b,TXN_91BFCB74,2026-08-20,1527.49,30.55,SUCCESS,UPI,merch_e6614b,cust_6cf15827,2026-08-20T19:23:25Z
GW_7cacc829f0d,TXN_05BE2884,2026-08-12,2443.45,48.87,SUCCESS,UPI,merch_e6614b,cust_edfaabce,2026-08-12T07:39:22Z
GW_ba929557e04,TXN_D129D1A2,2026-08-17,919.04,18.38,SUCCESS,UPI,merch_e6614b,cust_e78ef2a5,2026-08-17T22:17:24Z
GW_433c924167a,TXN_EBF85815,2026-08-13,47.35,0.95,SUCCESS,UPI,merch_e6614b,cust_6a9f58ec,2026-08-13T10:10:32Z
GW_6ffc831a97d,TXN_5F98E778,2026-08-15,3900.91,78.02,SUCCESS,UPI,merch_e6614b,cust_fd60c893,2026-08-15T13:40:03Z
GW_9a95a89809f,TXN_2E766233,2026-08-29,3909.04,78.18,SUCCESS,UPI,merch_e6614b,cust_b3b00e89,2026-08-29T03:04:02Z
GW_a5d5721156b,TXN_C00385DB,2026-08-26,901.49,18.03,SUCCESS,UPI,merch_e6614b,cust_f3a6b87c,2026-08-26T13:22:04Z
GW_b48ac361837,TXN_E6487DCD,2026-08-27,245.82,4.92,SUCCESS,UPI,merch_e6614b,cust_74f025dc,2026-08-27T07:57:47Z
GW_6d82560c03e,TXN_D8D45E9E,2026-08-11,4875.48,97.51,SUCCESS,UPI,merch_e6614b,cust_3de2cb60,2026-08-11T05:56:19Z
GW_55088a91415,TXN_3BF68855,2026-08-09,2073.16,41.46,SUCCESS,UPI,merch_e6614b,cust_bfe0f8e4,2026-08-09T04:24:13Z
GW_fbc963e76d2,TXN_807F8F9C,2026-09-01,4902.28,98.05,SUCCESS,UPI,merch_e6614b,cust_6aa40c99,2026-09-01T02:51:30Z
GW_c3ac484dc8e,TXN_99B14DB4,2026-08-09,4349.62,86.99,SUCCESS,UPI,merch_e6614b,cust_c1fd88d6,2026-08-09T19:02:02Z
GW_b4bd7771cd0,TXN_07675023,2026-08-13,764.65,15.29,SUCCESS,UPI,merch_e6614b,cust_fdcbdefd,2026-08-13T18:18:36Z
GW_bab16388593,TXN_2B25D7AB,2026-08-23,4232.79,84.66,SUCCESS,UPI,merch_e6614b,cust_ed1860dc,2026-08-23T21:24:05Z
GW_e42585437e4,TXN_B4EDECDC,2026-08-29,2316.74,46.33,SUCCESS,UPI,merch_e6614b,cust_9ddd5f18,2026-08-29T23:27:41Z
GW_e0d4b99674b,TXN_35FF6851,2026-08-09,3443.93,68.88,SUCCESS,UPI,merch_e6614b,cust_97753960,2026-08-09T01:06:02Z
GW_219237d1c45,TXN_C13A984C,2026-08-30,1767.53,35.35,SUCCESS,UPI,merch_e6614b,cust_e276a27f,2026-08-30T16:18:56Z
GW_388304cdab0,TXN_0DCBE84D,2026-08-10,1966.33,39.33,SUCCESS,UPI,merch_e6614b,cust_63f2c93d,2026-08-10T09:14:11Z
GW_18eac902e11,TXN_B438AE5B,2026-08-28,1516.18,30.32,SUCCESS,UPI,merch_e6614b,cust_1b131b55,2026-08-28T06:46:40Z
GW_33474d31e20,TXN_23F8F9D6,2026-08-08,2889.85,57.8,SUCCESS,UPI,merch_e6614b,cust_80b6f364,2026-08-08T15:17:15Z
GW_a4aef91d636,TXN_88B65823,2026-08-06,2773.7,55.47,SUCCESS,UPI,merch_e6614b,cust_13900080,2026-08-06T03:40:54Z
GW_cea81df2557,TXN_CFFFC406,2026-08-11,2792.6,55.85,SUCCESS,UPI,merch_e6614b,cust_b42e9b29,2026-08-11T21:37:44Z
GW_b61df6a94a3,TXN_62FE56CD,2026-08-22,1017.62,20.35,SUCCESS,UPI,merch_e6614b,cust_5d42d387,2026-08-22T14:53:51Z
GW_0a7f0cba492,TXN_C3F68F77,2026-08-13,1523.54,30.47,SUCCESS,UPI,merch_e6614b,cust_fb2a6406,2026-08-13T17:18:09Z
GW_da7bf40ef76,TXN_C786328C,2026-09-01,4866.65,97.33,SUCCESS,UPI,merch_e6614b,cust_6753b5e0,2026-09-01T17:36:26Z
GW_556e6b359ae,TXN_3BEB08F7,2026-08-22,2657.13,53.14,SUCCESS,UPI,merch_e6614b,cust_9b219945,2026-08-22T19:40:29Z
GW_5e4f83b5b07,TXN_7EB54B2C,2026-08-17,2946.82,58.94,SUCCESS,UPI,merch_e6614b,cust_0492c28a,2026-08-17T14:49:11Z
GW_7aa50ba26d9,TXN_D4FC2C06,2026-08-18,4159.71,83.19,SUCCESS,UPI,merch_e6614b,cust_19f0db41,2026-08-18T01:08:09Z
GW_c016527ecff,TXN_B9C485C3,2026-08-10,3160.93,63.22,SUCCESS,UPI,merch_e6614b,cust_3baa968d,2026-08-10T03:40:24Z
GW_18143f59fd9,TXN_DE42B4EF,2026-08-11,4072.71,81.45,SUCCESS,UPI,merch_e6614b,cust_a0ee8602,2026-08-11T06:54:49Z
GW_7b5d697e29d,TXN_7372BC8F,2026-08-14,4725.9,94.52,SUCCESS,UPI,merch_e6614b,cust_a56fb282,2026-08-14T11:47:27Z
GW_168dd9edab7,TXN_7DA8DB6C,2026-08-20,991.56,19.83,SUCCESS,UPI,merch_e6614b,cust_16121811,2026-08-20T16:36:31Z
GW_4b55212e90e,TXN_731C014D,2026-08-21,3509.15,70.18,SUCCESS,UPI,merch_e6614b,cust_e8e63ab5,2026-08-21T00:51:48Z
GW_b60824e0dcb,TXN_EAB9E095,2026-08-26,1947.84,38.96,SUCCESS,UPI,merch_e6614b,cust_bce423cb,2026-08-26T19:42:34Z
GW_c0746585b8b,TXN_ACC8AFCE,2026-08-09,1000.63,20.01,SUCCESS,UPI,merch_e6614b,cust_15afe575,2026-08-09T07:20:48Z
GW_cb75ca3616d,TXN_8FFCED05,2026-08-17,665.58,13.31,SUCCESS,UPI,merch_e6614b,cust_52b63cd1,2026-08-17T00:20:56Z
GW_c5027d6b28e,TXN_C12BD270,2026-08-14,314.76,6.3,SUCCESS,UPI,merch_e6614b,cust_530cb2de,2026-08-14T03:55:30Z
GW_13ef7dcd342,TXN_B10BFD31,2026-08-25,2728.95,54.58,SUCCESS,UPI,merch_e6614b,cust_b6903a53,2026-08-25T12:02:51Z
GW_759aa96f0bd,TXN_CA9D94C3,2026-09-01,3667.33,73.35,SUCCESS,UPI,merch_e6614b,cust_7512fc2a,2026-09-01T05:38:02Z
GW_6d08e07970e,TXN_16C2D82E,2026-08-16,862.33,17.25,SUCCESS,UPI,merch_e6614b,cust_fd754304,2026-08-16T19:53:25Z
GW_6e6bae53528,TXN_788E521F,2026-09-01,2232.99,44.66,SUCCESS,UPI,merch_e6614b,cust_d47f15a3,2026-09-01T00:38:46Z
GW_6fd7c05a509,TXN_56DA4197,2026-08-24,751.95,15.04,SUCCESS,UPI,merch_e6614b,cust_ddbb98de,2026-08-24T13:28:44Z
GW_f654f382cfb,TXN_ED9346D1,2026-09-02,2488.23,49.76,SUCCESS,UPI,merch_e6614b,cust_18692fc4,2026-09-02T08:32:28Z
GW_8c7fa04aa43,TXN_498CF1F1,2026-08-06,4952.86,99.06,SUCCESS,UPI,merch_e6614b,cust_cbd0a148,2026-08-06T20:29:52Z
GW_69b01aa5c6e,TXN_62D7C0AF,2026-08-11,656.67,13.13,SUCCESS,UPI,merch_e6614b,cust_31a9d837,2026-08-11T17:31:16Z
GW_3587a76f00c,TXN_B4EDEE9A,2026-08-18,1952.45,39.05,SUCCESS,UPI,merch_e6614b,cust_721cf788,2026-08-18T13:19:29Z
GW_c1a3b360426,TXN_D14768CC,2026-08-29,4865.34,97.31,SUCCESS,UPI,merch_e6614b,cust_027cda09,2026-08-29T22:13:53Z
GW_84ba1a1965b,TXN_210A562F,2026-08-25,3272.85,65.46,SUCCESS,UPI,merch_e6614b,cust_8161bf45,2026-08-25T17:34:20Z
GW_490452f4f3e,TXN_CAAE8510,2026-09-01,3180.51,63.61,SUCCESS,UPI,merch_e6614b,cust_4274d96b,2026-09-01T19:50:37Z
GW_eeb0bc20989,TXN_5DE1D983,2026-08-24,4796.96,95.94,SUCCESS,UPI,merch_e6614b,cust_b6828d4a,2026-08-24T17:58:34Z
GW_bbe336037f4,TXN_9BD2F22A,2026-08-27,4979.8,99.6,SUCCESS,UPI,merch_e6614b,cust_6d1fe111,2026-08-27T18:01:17Z
GW_d2c9c1dba6f,TXN_5E7E514F,2026-08-20,2646.28,52.93,SUCCESS,UPI,merch_e6614b,cust_b01bf2fc,2026-08-20T10:53:26Z
GW_fd93f1fc989,TXN_57531D98,2026-08-10,1618.11,32.36,SUCCESS,UPI,merch_e6614b,cust_210e4398,2026-08-10T12:20:05Z
GW_8b73431da9e,TXN_58B087C9,2026-08-16,4906.54,98.13,SUCCESS,UPI,merch_e6614b,cust_6799699a,2026-08-16T10:34:36Z
GW_f350475edf9,TXN_4332985E,2026-08-10,4426.49,88.53,SUCCESS,UPI,merch_e6614b,cust_8a63d553,2026-08-10T23:32:14Z
GW_b88e00ed41f,TXN_31A23EB3,2026-08-26,915.67,18.31,SUCCESS,UPI,merch_e6614b,cust_d9c94015,2026-08-26T17:36:49Z
GW_73085e593d1,TXN_A4037887,2026-08-11,3649.57,72.99,SUCCESS,UPI,merch_e6614b,cust_59e22f91,2026-08-11T01:19:56Z
GW_c8db6b10611,TXN_2FA45468,2026-08-25,2545.68,50.91,SUCCESS,UPI,merch_e6614b,cust_cee5ddf1,2026-08-25T14:18:13Z
GW_c95913bdb40,TXN_8C74F46F,2026-08-25,1654.96,33.1,SUCCESS,UPI,merch_e6614b,cust_6cf9caa7,2026-08-25T08:16:02Z
GW_c1255af4f55,TXN_15D67FB4,2026-08-28,490.35,9.81,SUCCESS,UPI,merch_e6614b,cust_583b4c53,2026-08-28T05:27:00Z
GW_4c601163be9,TXN_7FB1CD54,2026-08-27,4783.34,95.67,SUCCESS,UPI,merch_e6614b,cust_b2a75898,2026-08-27T01:18:42Z
GW_3141c22358d,TXN_D2BF1C91,2026-08-25,3269.95,65.4,SUCCESS,UPI,merch_e6614b,cust_78f1e2c3,2026-08-25T17:14:29Z
GW_1de4669a3bb,TXN_73EC0BC8,2026-08-12,4970.29,99.41,SUCCESS,UPI,merch_e6614b,cust_3a7c0b9d,2026-08-12T04:38:16Z
GW_6f6dde43a53,TXN_EEA39A7A,2026-09-02,4952.86,99.06,SUCCESS,UPI,merch_e6614b,cust_3773428f,2026-09-02T01:29:15Z
GW_2f01649750c,TXN_C0995B86,2026-08-19,2076.43,41.53,SUCCESS,UPI,merch_e6614b,cust_ef087d9c,2026-08-19T20:26:15Z
GW_e0f4348ba16,TXN_5DAB08A6,2026-08-29,4717.41,94.35,SUCCESS,UPI,merch_e6614b,cust_62a92224,2026-08-29T18:58:52Z
GW_0f03ca4b64b,TXN_AC681C6E,2026-08-14,123.04,2.46,SUCCESS,UPI,merch_e6614b,cust_91b1538e,2026-08-14T10:40:16Z
GW_18f6ce25c4a,TXN_1ABA4D5A,2026-08-14,3043.38,60.87,SUCCESS,UPI,merch_e6614b,cust_6592f759,2026-08-14T15:23:40Z
GW_53a0ea68788,TXN_7861B306,2026-08-23,1921.56,38.43,SUCCESS,UPI,merch_e6614b,cust_41959d0d,2026-08-23T07:10:19Z
GW_dfd7a2d880f,TXN_DB57D22F,2026-08-11,2774.79,55.5,SUCCESS,UPI,merch_e6614b,cust_496a50d0,2026-08-11T13:22:54Z
GW_4c928df2890,TXN_65150025,2026-08-12,136.39,2.73,SUCCESS,UPI,merch_e6614b,cust_f66a3f91,2026-08-12T21:47:13Z
GW_e4dc5a72b73,TXN_2389BE01,2026-09-02,1296.85,25.94,SUCCESS,UPI,merch_e6614b,cust_8f7c7524,2026-09-02T10:27:43Z
GW_77f743c60b2,TXN_24EBC2F9,2026-08-13,336.96,6.74,SUCCESS,UPI,merch_e6614b,cust_ad596d20,2026-08-13T15:07:28Z
GW_4742e47c642,TXN_855AE362,2026-08-20,1861.31,37.23,SUCCESS,UPI,merch_e6614b,cust_21164bae,2026-08-20T19:45:14Z
GW_adc2d773164,TXN_667FC314,2026-08-14,2660.07,53.2,SUCCESS,UPI,merch_e6614b,cust_3fac80b5,2026-08-14T07:27:14Z
GW_abc96320a3e,TXN_CCDC85C7,2026-08-25,1054.52,21.09,SUCCESS,UPI,merch_e6614b,cust_cc60adc9,2026-08-25T09:42:06Z
GW_6915dd77cfb,TXN_711A392B,2026-08-25,3206.12,64.12,SUCCESS,UPI,merch_e6614b,cust_a39aa4bc,2026-08-25T07:44:10Z
GW_5ca310bf564,TXN_6C78D198,2026-08-22,745.03,14.9,SUCCESS,UPI,merch_e6614b,cust_c43ff1eb,2026-08-22T03:44:02Z
GW_40a8df78e67,TXN_8E4C9833,2026-08-05,2044.49,40.89,SUCCESS,UPI,merch_e6614b,cust_43a23b75,2026-08-05T04:32:07Z
GW_bdbd25c5120,TXN_4EF11D13,2026-08-31,4003.42,80.07,SUCCESS,UPI,merch_e6614b,cust_e9dd2022,2026-08-31T08:58:38Z
GW_b0b81f5262a,TXN_63E2879D,2026-08-18,1756.58,35.13,SUCCESS,UPI,merch_e6614b,cust_4d8ff76a,2026-08-18T08:36:37Z
GW_4868ec309b2,TXN_CCCAD58A,2026-08-13,2883.26,57.67,SUCCESS,UPI,merch_e6614b,cust_d785b561,2026-08-13T10:54:03Z
GW_a79940b4e4b,TXN_01C5A130,2026-08-29,250.49,5.01,SUCCESS,UPI,merch_e6614b,cust_1b553e0e,2026-08-29T15:39:21Z
GW_22d74617548,TXN_0A7697B8,2026-08-06,1923.03,38.46,SUCCESS,UPI,merch_e6614b,cust_de42593b,2026-08-06T07:22:06Z
GW_c0e142ea285,TXN_FCE965C6,2026-08-09,2211.43,44.23,SUCCESS,UPI,merch_e6614b,cust_7ed8b293,2026-08-09T20:50:31Z
GW_da64816ebb9,TXN_25EE1688,2026-08-20,3316.77,66.34,SUCCESS,UPI,merch_e6614b,cust_eeb7c2b9,2026-08-20T11:42:34Z
GW_c9f2e2f62f1,TXN_EC160045,2026-08-28,3936.31,78.73,SUCCESS,UPI,merch_e6614b,cust_453525a0,2026-08-28T23:48:31Z
GW_330c3f219ea,TXN_F37CD6CE,2026-08-07,2111.42,42.23,SUCCESS,UPI,merch_e6614b,cust_4f82408f,2026-08-07T16:30:46Z
GW_8b2b5d62734,TXN_4792C914,2026-08-28,1592.35,31.19,SUCCESS,UPI,merch_e6614b,cust_e6a09595,2026-08-28T21:58:09Z
GW_746137db46a,TXN_596D74AA,2026-09-02,3173.26,63.47,SUCCESS,UPI,merch_e6614b,cust_4a112b60,2026-09-02T12:17:10Z
GW_8b9533cef57,TXN_91DA9048,2026-08-24,3481.89,69.64,SUCCESS,UPI,merch_e6614b,cust_dbec0b0b,2026-08-24T07:24:10Z
GW_fad4ff39502,TXN_3B27C33F,2026-08-24,1765.39,35.31,SUCCESS,UPI,merch_e6614b,cust_f3b49ef3,2026-08-24T11:17:05Z
GW_d1b15a853c0,TXN_C264392A,2026-08-26,3380.34,67.61,SUCCESS,UPI,merch_e6614b,cust_3cf2c59d,2026-08-26T23:24:15Z
GW_fbcd9c0818d,TXN_0C1F6C8E,2026-08-16,3157.03,63.14,SUCCESS,UPI,merch_e6614b,cust_cedcfafc,2026-08-16T13:54:16Z
GW_ff75e679d73,TXN_BE982F80,2026-08-07,1829.09,36.58,SUCCESS,UPI,merch_e6614b,cust_a3875c7c,2026-08-07T20:27:53Z
GW_9fac334d8fd,TXN_0B4309E7,2026-08-15,1446.66,28.93,SUCCESS,UPI,merch_e6614b,cust_638c36b1,2026-08-15T15:21:07Z
GW_61132d44dbc,TXN_A72C7B5A,2026-08-17,1688.27,33.77,SUCCESS,UPI,merch_e6614b,cust_3bb2c76b,2026-08-17T23:42:48Z
GW_207c611ce44,TXN_38173A16,2026-08-06,4833.21,96.66,SUCCESS,UPI,merch_e6614b,cust_7577c0ca,2026-08-06T17:29:38Z
GW_71c2d9d12f9,TXN_0F3F798C,2026-09-01,1036.19,20.72,SUCCESS,UPI,merch_e6614b,cust_fb4bc4cc,2026-09-01T20:19:04Z
GW_e212deb7719,TXN_BEC1A738,2026-08-19,807.69,16.15,SUCCESS,UPI,merch_e6614b,cust_f997c930,2026-08-19T13:12:35Z
GW_642cfa68e6b,TXN_35B02BC7,2026-08-15,1048.09,20.96,SUCCESS,UPI,merch_e6614b,cust_1524e1ef,2026-08-15T17:46:42Z
GW_3bcf2499cd0,TXN_8316F667,2026-08-23,3614.83,72.3,SUCCESS,UPI,merch_e6614b,cust_7d0f8ef3,2026-08-23T20:45:39Z
GW_9cbb464d97d,TXN_197AFA57,2026-08-17,4307.72,86.15,SUCCESS,UPI,merch_e6614b,cust_8c5da2a5,2026-08-17T07:45:55Z
GW_d7e79c5d0fb,TXN_23EEECCD,2026-08-20,1269.54,25.39,SUCCESS,UPI,merch_e6614b,cust_ae4c09c3,2026-08-20T01:39:54Z
GW_04d7dfbd9d9,TXN_B5B8E667,2026-08-17,1365.14,27.3,SUCCESS,UPI,merch_e6614b,cust_dfe1008d,2026-08-17T19:13:59Z
GW_09f84b7ac55,TXN_E76EB608,2026-08-22,1135.18,22.7,SUCCESS,UPI,merch_e6614b,cust_3c110d09,2026-08-22T18:05:17Z
GW_a0362402dca,TXN_D823B4BE,2026-08-05,4167.54,83.35,SUCCESS,UPI,merch_e6614b,cust_1a5c76c2,2026-08-05T07:56:21Z
GW_2d12ac372ce,TXN_5127B7DC,2026-08-27,4209.2,84.18,SUCCESS,UPI,merch_e6614b,cust_098db04d,2026-08-27T04:07:17Z
GW_eb457db2be8,TXN_7CFEBF9B,2026-08-09,2545.96,50.92,SUCCESS,UPI,merch_e6614b,cust_0e4e3f5a,2026-08-09T01:44:28Z
GW_104b49ddb17,TXN_9399209B,2026-08-15,2993.15,59.86,SUCCESS,UPI,merch_e6614b,cust_d98bbf09,2026-08-15T04:10:16Z
GW_9e73e180807,TXN_EA231524,2026-08-15,1829.59,36.59,SUCCESS,UPI,merch_e6614b,cust_242c2336,2026-08-15T18:20:46Z
GW_ea25d720fde,TXN_4F1741EC,2026-08-24,979.65,19.59,SUCCESS,UPI,merch_e6614b,cust_4b779ae4,2026-08-24T06:30:56Z
GW_0435b38611f,TXN_2BF680A9,2026-08-30,4801.34,96.03,SUCCESS,UPI,merch_e6614b,cust_0436ef33,2026-08-30T20:56:04Z
GW_0ed2da3ba5a,TXN_37763F2E,2026-09-03,3044.68,60.89,SUCCESS,UPI,merch_e6614b,cust_b549e3e5,2026-09-03T07:58:45Z
GW_20c2fb06020,TXN_3AF8BCC4,2026-08-16,2525.16,50.5,SUCCESS,UPI,merch_e6614b,cust_aeabc211,2026-08-16T05:19:55Z
GW_d2128631f86,TXN_89968B2D,2026-09-02,1008.66,20.17,SUCCESS,UPI,merch_e6614b,cust_9100c55c,2026-09-02T05:54:28Z
GW_0d803543910,TXN_C456D9D7,2026-08-13,4283.18,85.66,SUCCESS,UPI,merch_e6614b,cust_d3c7b00a,2026-08-13T23:15:13Z
GW_6c45194fccd,TXN_AB296B1C,2026-08-06,4195.53,83.91,SUCCESS,UPI,merch_e6614b,cust_f937e277,2026-08-06T21:50:30Z
GW_f0e5e111793,TXN_FC4595B7,2026-08-06,3573.87,71.48,SUCCESS,UPI,merch_e6614b,cust_a689505c,2026-08-06T03:22:43Z
GW_7a927d50781,TXN_50DEAE4A,2026-08-26,2926.32,58.53,SUCCESS,UPI,merch_e6614b,cust_6775846d,2026-08-26T17:20:33Z
GW_0c3b5fa41de,TXN_56170DFD,2026-08-18,2697.28,53.95,SUCCESS,UPI,merch_e6614b,cust_635694ee,2026-08-18T19:59:18Z
GW_d7b49544778,TXN_6EFBD401,2026-08-15,1800.95,36.02,SUCCESS,UPI,merch_e6614b,cust_7fa71de7,2026-08-15T04:13:52Z
GW_2462c1a77be,TXN_9370E97E,2026-08-07,4249.97,85.0,SUCCESS,UPI,merch_e6614b,cust_4c843212,2026-08-07T09:49:36Z
GW_80e75c1deca,TXN_D092ABDB,2026-08-22,542.75,10.86,SUCCESS,UPI,merch_e6614b,cust_b9af14c7,2026-08-22T13:59:26Z
GW_c920f95620f,TXN_2228711A,2026-08-23,2111.77,42.24,SUCCESS,UPI,merch_e6614b,cust_7d5d7a53,2026-08-23T16:54:52Z
GW_7f1103045cb,TXN_43322875,2026-08-28,4702.73,94.05,SUCCESS,UPI,merch_e6614b,cust_8c4a9630,2026-08-28T19:20:44Z
GW_b959ff52995,TXN_70524F8B,2026-08-15,4192.01,83.84,SUCCESS,UPI,merch_e6614b,cust_c4233d9b,2026-08-15T18:48:57Z
GW_95f40637fd7,TXN_9B9EA359,2026-08-10,2808.14,56.16,SUCCESS,UPI,merch_e6614b,cust_466240d6,2026-08-10T18:34:50Z
GW_bdb0be8fb64,TXN_890CCD63,2026-08-09,2194.89,43.9,SUCCESS,UPI,merch_e6614b,cust_d15ff000,2026-08-09T06:13:18Z
GW_dc6462936d4,TXN_9325439D,2026-08-12,3478.09,69.56,SUCCESS,UPI,merch_e6614b,cust_b137d86c,2026-08-12T03:22:45Z
GW_2534e9dca4d,TXN_80DD0719,2026-08-22,4218.56,84.37,SUCCESS,UPI,merch_e6614b,cust_2395ee06,2026-08-22T17:30:35Z
GW_ab56d632a8b,TXN_65348E3F,2026-08-23,1764.02,35.28,SUCCESS,UPI,merch_e6614b,cust_82efa11a,2026-08-23T21:55:59Z
GW_3aced50bbca,TXN_47719424,2026-08-19,932.1,18.64,SUCCESS,UPI,merch_e6614b,cust_37fce90f,2026-08-19T14:34:01Z
GW_57f1b630e12,TXN_74B82A99,2026-08-16,2112.41,42.25,SUCCESS,UPI,merch_e6614b,cust_d8760f02,2026-08-16T06:14:38Z
GW_4b9dcbe057c,TXN_C21339D4,2026-09-02,4660.96,93.22,SUCCESS,UPI,merch_e6614b,cust_8665148b,2026-09-02T18:44:06Z
GW_854373ba91a,TXN_C130AC39,2026-09-02,3119.49,62.39,SUCCESS,UPI,merch_e6614b,cust_37ad1531,2026-09-02T06:55:56Z
GW_7cd2104525c,TXN_2431FE3A,2026-09-03,4684.4,93.69,SUCCESS,UPI,merch_e6614b,cust_fad5c635,2026-09-03T14:28:13Z
GW_52c82454817,TXN_C5D02B9A,2026-08-12,4956.6,99.13,SUCCESS,UPI,merch_e6614b,cust_d404016b,2026-08-12T13:05:30Z
GW_8b67a36db64,TXN_B9880474,2026-08-08,1524.74,30.49,SUCCESS,UPI,merch_e6614b,cust_8dc43cf3,2026-08-08T19:54:02Z
GW_4c9cb935fb0,TXN_A0D4B6F8,2026-08-29,2528.26,50.57,SUCCESS,UPI,merch_e6614b,cust_b199d0ed,2026-08-29T18:47:15Z
GW_64d4604623a,TXN_A0814331,2026-08-09,3869.05,77.38,SUCCESS,UPI,merch_e6614b,cust_2beba3ab,2026-08-09T01:31:16Z
GW_e742db442e8,TXN_660ED043,2026-08-20,78.26,1.57,SUCCESS,UPI,merch_e6614b,cust_47c1151e,2026-08-20T22:56:09Z
GW_5598108b371,TXN_B31AB8B3,2026-08-16,1451.67,29.03,SUCCESS,UPI,merch_e6614b,cust_9f09bc88,2026-08-16T05:33:45Z
GW_b7f8ec3934c,TXN_2DA7F8D9,2026-08-22,3910.43,74.65,SUCCESS,UPI,merch_e6614b,cust_e76a3332,2026-08-22T12:47:31Z
GW_946e83b4df5,TXN_4E299B36,2026-08-24,1330.59,26.61,SUCCESS,UPI,merch_e6614b,cust_c78a90fb,2026-08-24T07:07:26Z
GW_966a6ef89b9,TXN_8D0E31A9,2026-08-23,1744.82,34.9,SUCCESS,UPI,merch_e6614b,cust_1fa3a6a2,2026-08-23T22:28:21Z
GW_4dee120b04a,TXN_ADE5FDF9,2026-09-02,3220.1,64.4,SUCCESS,UPI,merch_e6614b,cust_a078cd5d,2026-09-02T19:06:22Z
GW_52fa41d6f6c,TXN_70DEE0B9,2026-08-31,2285.21,45.7,SUCCESS,UPI,merch_e6614b,cust_ee3d4fdf,2026-08-31T10:57:47Z
GW_adc6f18c6e5,TXN_4D409D13,2026-08-09,2753.64,55.07,SUCCESS,UPI,merch_e6614b,cust_93b3fc8c,2026-08-09T07:39:10Z
GW_5e0c9ae6c7d,TXN_F6DBF7E5,2026-08-20,2115.75,42.31,SUCCESS,UPI,merch_e6614b,cust_51f073db,2026-08-20T18:53:45Z
GW_002eb3790ce,TXN_A9AD16D8,2026-09-02,3677.94,73.56,SUCCESS,UPI,merch_e6614b,cust_d5c94644,2026-09-02T05:07:38Z
GW_88214fc4dda,TXN_ADD53E7F,2026-08-07,1564.22,31.28,SUCCESS,UPI,merch_e6614b,cust_3779c254,2026-08-07T23:38:27Z
GW_832a8054a9e,TXN_52367CAD,2026-08-18,742.94,14.86,SUCCESS,UPI,merch_e6614b,cust_4660fb2b,2026-08-18T14:45:20Z
GW_2b8f3d40648,TXN_6CBD4D97,2026-08-14,251.53,5.03,SUCCESS,UPI,merch_e6614b,cust_a6d37522,2026-08-14T12:35:58Z
GW_64b6a5f13ae,TXN_D6D85C5C,2026-08-18,1421.85,28.44,SUCCESS,UPI,merch_e6614b,cust_af61a8ff,2026-08-18T18:34:49Z
GW_d029805c887,TXN_EC089A5A,2026-08-11,2103.51,42.07,SUCCESS,UPI,merch_e6614b,cust_72f46b04,2026-08-11T02:57:49Z
GW_58d02d444a0,TXN_A1CEFC18,2026-08-25,1607.31,32.15,SUCCESS,UPI,merch_e6614b,cust_9fdce984,2026-08-25T00:14:38Z
GW_b8af85dea56,TXN_3ECA1724,2026-08-14,1824.83,36.5,SUCCESS,UPI,merch_e6614b,cust_24a06842,2026-08-14T10:09:41Z
GW_10cc6838d15,TXN_06CE51F9,2026-08-06,494.25,9.71,SUCCESS,UPI,merch_e6614b,cust_444e58c3,2026-08-06T05:07:15Z
GW_be5794b781e,TXN_F7DFE2F7,2026-08-06,350.92,7.02,SUCCESS,UPI,merch_e6614b,cust_b9e1c055,2026-08-06T18:55:01Z
GW_331ef3c8b69,TXN_A4A5CB8B,2026-08-07,772.52,15.45,SUCCESS,UPI,merch_e6614b,cust_d50fc809,2026-08-07T10:49:35Z
GW_b5b082a5c42,TXN_0313D8CA,2026-08-30,1099.25,21.98,SUCCESS,UPI,merch_e6614b,cust_65236321,2026-08-30T13:44:02Z
GW_07f150ecab6,TXN_ABE5C7D0,2026-08-17,4450.28,89.01,SUCCESS,UPI,merch_e6614b,cust_408db87e,2026-08-17T21:36:50Z
GW_fca00d054ae,TXN_5613EACD,2026-08-08,1038.04,20.76,SUCCESS,UPI,merch_e6614b,cust_3f97a096,2026-08-08T19:29:46Z
GW_03c14a52f88,TXN_E28D46B6,2026-08-06,3331.16,66.62,SUCCESS,UPI,merch_e6614b,cust_25be4bb1,2026-08-06T11:35:57Z
GW_40cec050988,TXN_7F87E1F4,2026-09-02,2230.12,44.6,SUCCESS,UPI,merch_e6614b,cust_0925adcf,2026-09-02T06:30:44Z
GW_30ea5b02b99,TXN_004EBC1A,2026-08-16,1944.12,38.88,SUCCESS,UPI,merch_e6614b,cust_b1da32ac,2026-08-16T23:22:16Z
GW_968e1bdd93d,TXN_08F33063,2026-08-12,1617.83,32.36,SUCCESS,UPI,merch_e6614b,cust_0b5c6e03,2026-08-12T16:55:05Z
GW_e3890c0c544,TXN_070F41FC,2026-08-22,4380.12,87.6,SUCCESS,UPI,merch_e6614b,cust_cd7cc252,2026-08-22T19:37:18Z
GW_854af77d110,TXN_D8535CDF,2026-08-29,2709.51,54.19,SUCCESS,UPI,merch_e6614b,cust_543c01db,2026-08-29T01:55:33Z
GW_cd0afd44d5b,TXN_21164F4F,2026-08-08,1469.82,29.4,SUCCESS,UPI,merch_e6614b,cust_2af71320,2026-08-08T21:56:35Z
GW_251e810d4a1,TXN_BD08D606,2026-08-24,4435.05,88.7,SUCCESS,UPI,merch_e6614b,cust_3bbbf613,2026-08-24T19:49:43Z
GW_04517d9b495,TXN_432355C9,2026-09-01,3141.11,62.82,SUCCESS,UPI,merch_e6614b,cust_a15edafa,2026-09-01T03:21:59Z
GW_c0e6cf881e3,TXN_C3C09ABD,2026-08-08,529.46,10.59,SUCCESS,UPI,merch_e6614b,cust_5b32064a,2026-08-08T05:58:01Z
GW_b639334eb07,TXN_70C9E07F,2026-08-25,763.95,15.28,SUCCESS,UPI,merch_e6614b,cust_32e70b49,2026-08-25T03:28:13Z
GW_3e0f8afc47e,TXN_0D602271,2026-08-16,4812.97,96.26,SUCCESS,UPI,merch_e6614b,cust_ff21e189,2026-08-16T18:30:33Z
GW_1c8137647d6,TXN_8E207E1E,2026-08-31,697.07,13.94,SUCCESS,UPI,merch_e6614b,cust_83d3a99d,2026-08-31T13:41:06Z
GW_7b161d41e29,TXN_F66EC59F,2026-08-31,4772.26,95.45,SUCCESS,UPI,merch_e6614b,cust_03cde092,2026-08-31T02:30:42Z
GW_dc4317d9b71,TXN_6704F8C5,2026-08-19,4673.55,93.47,SUCCESS,UPI,merch_e6614b,cust_c9e35c21,2026-08-19T11:43:16Z
GW_16ba012820b,TXN_A120060D,2026-08-30,4606.76,92.14,SUCCESS,UPI,merch_e6614b,cust_62a686c2,2026-08-30T20:53:42Z
GW_b18168ef187,TXN_41145E9A,2026-08-17,1868.24,37.36,SUCCESS,UPI,merch_e6614b,cust_75a30267,2026-08-17T05:08:51Z
GW_f81069d9b96,TXN_C61459F9,2026-08-26,2783.04,55.66,SUCCESS,UPI,merch_e6614b,cust_57a08f29,2026-08-26T14:09:13Z
GW_ed89a91963e,TXN_BBAFF4F0,2026-08-30,1341.36,26.83,SUCCESS,UPI,merch_e6614b,cust_77bd1054,2026-08-30T11:37:09Z
GW_b9b5dc84343,TXN_25BD998E,2026-08-14,2713.63,54.27,SUCCESS,UPI,merch_e6614b,cust_85ba2e24,2026-08-14T00:02:47Z
GW_7ac5af65ce2,TXN_46AD3925,2026-08-23,2880.27,57.61,REFUNDED,UPI,merch_e6614b,cust_9006979a,2026-08-23T18:11:17Z
GW_e9ae4212f38,TXN_D575DBDB,2026-08-11,4757.03,95.14,SUCCESS,UPI,merch_e6614b,cust_8cc0812b,2026-08-11T08:43:39Z
GW_005394f6720,TXN_097D30A6,2026-08-15,4166.21,83.32,SUCCESS,UPI,merch_e6614b,cust_10a44339,2026-08-15T22:29:19Z
GW_41974c8f887,TXN_C4E429B9,2026-08-06,2065.88,41.32,SUCCESS,UPI,merch_e6614b,cust_e7940c9e,2026-08-06T12:44:24Z
GW_1f0148241d3,TXN_DB948BF6,2026-08-05,3057.32,61.15,SUCCESS,UPI,merch_e6614b,cust_9a6f0704,2026-08-05T13:18:19Z
GW_0f82cb042c3,TXN_F3F6E693,2026-08-18,2571.88,50.27,SUCCESS,UPI,merch_e6614b,cust_d1e3bda0,2026-08-18T17:56:35Z
GW_9aa8ba94aea,TXN_E535323C,2026-08-08,2899.09,57.98,SUCCESS,UPI,merch_e6614b,cust_f34c49ef,2026-08-08T07:08:45Z
GW_8a70e3e327b,TXN_40704604,2026-09-03,4973.7,99.47,SUCCESS,UPI,merch_e6614b,cust_a7f42943,2026-09-03T18:41:28Z
GW_047cc428f45,TXN_D5C80ADB,2026-08-13,2082.22,41.64,SUCCESS,UPI,merch_e6614b,cust_29374bb6,2026-08-13T08:25:51Z
GW_99cbb085ee3,TXN_414BA159,2026-08-27,1600.28,32.01,SUCCESS,UPI,merch_e6614b,cust_b0dac940,2026-08-27T09:53:20Z
GW_927fe372848,TXN_64823C67,2026-08-20,4945.2,98.9,SUCCESS,UPI,merch_e6614b,cust_eb7a737f,2026-08-20T23:19:52Z
GW_d7899b70aef,TXN_6E0C697A,2026-08-12,1527.56,30.55,SUCCESS,UPI,merch_e6614b,cust_e97318b1,2026-08-12T06:06:00Z
GW_f7edd2a9f5f,TXN_AE78D009,2026-08-09,1731.58,34.63,SUCCESS,UPI,merch_e6614b,cust_e916804a,2026-08-09T06:11:32Z
GW_8c1e21b7044,TXN_79713931,2026-08-08,1933.97,38.68,SUCCESS,UPI,merch_e6614b,cust_6bc58fa3,2026-08-08T16:18:09Z
GW_28280e4ade3,TXN_F5CAD205,2026-08-28,4081.91,81.64,SUCCESS,UPI,merch_e6614b,cust_f1d6112b,2026-08-28T22:33:30Z
GW_612e601412d,TXN_0FBF03D3,2026-08-15,535.5,10.71,SUCCESS,UPI,merch_e6614b,cust_32c7a1fc,2026-08-15T16:04:22Z
GW_91c466218e9,TXN_8CCEF24D,2026-08-10,2445.14,48.9,SUCCESS,UPI,merch_e6614b,cust_94ea2944,2026-08-10T13:48:01Z
GW_895f3148350,TXN_6B514052,2026-08-10,3671.6,73.43,SUCCESS,UPI,merch_e6614b,cust_3968a311,2026-08-10T15:15:56Z
GW_4fd9745e308,TXN_8DE1AAD1,2026-08-30,3613.2,72.26,SUCCESS,UPI,merch_e6614b,cust_1fef9892,2026-08-30T05:17:35Z
GW_b55f5321dff,TXN_B2AADC34,2026-08-22,2308.27,46.17,SUCCESS,UPI,merch_e6614b,cust_4f7d2651,2026-08-22T12:25:22Z
GW_7eb7e200f83,TXN_87377B29,2026-08-18,321.11,6.42,SUCCESS,UPI,merch_e6614b,cust_2d049339,2026-08-18T13:10:00Z
GW_b9cacc48101,TXN_9F762179,2026-08-12,3614.24,72.28,SUCCESS,UPI,merch_e6614b,cust_bb726a35,2026-08-12T20:57:06Z
GW_79547bdafab,TXN_6F3B2764,2026-08-29,1291.8,25.84,SUCCESS,UPI,merch_e6614b,cust_09afd1cb,2026-08-29T14:56:13Z
GW_9460c381a84,TXN_56665585,2026-08-07,3229.61,64.59,SUCCESS,UPI,merch_e6614b,cust_82932c80,2026-08-07T16:09:15Z
GW_93afccf11ff,TXN_9D53C8B1,2026-08-31,3068.96,61.38,SUCCESS,UPI,merch_e6614b,cust_b1fcb165,2026-08-31T21:44:12Z
GW_aea96c4c274,TXN_540F395D,2026-08-07,4032.36,80.65,SUCCESS,UPI,merch_e6614b,cust_e18da40b,2026-08-07T21:19:47Z
GW_9a097cc2a0a,TXN_4D376EB6,2026-08-23,4600.93,92.02,REFUNDED,UPI,merch_e6614b,cust_6273521d,2026-08-23T23:58:08Z
GW_ebb91370be0,TXN_A6FDF47F,2026-08-21,881.07,17.62,SUCCESS,UPI,merch_e6614b,cust_7bb89820,2026-08-21T17:44:23Z
GW_a2fe37a3868,TXN_1A316695,2026-08-20,2986.11,59.72,SUCCESS,UPI,merch_e6614b,cust_795dd0e5,2026-08-20T23:06:11Z
GW_795381a95b4,TXN_001B995B,2026-08-12,616.28,12.33,SUCCESS,UPI,merch_e6614b,cust_2891e23e,2026-08-12T13:41:57Z
GW_5b1bc1783ae,TXN_CB670ECD,2026-08-12,4226.79,84.54,SUCCESS,UPI,merch_e6614b,cust_ab598a0d,2026-08-12T10:00:26Z
GW_d45c863ceea,TXN_323408C2,2026-08-18,4611.97,92.24,SUCCESS,UPI,merch_e6614b,cust_725678ed,2026-08-18T07:28:49Z
GW_feb32f322d5,TXN_C91DB5EA,2026-08-29,115.38,2.31,SUCCESS,UPI,merch_e6614b,cust_898bc7a7,2026-08-29T03:30:46Z
GW_caae72c2c9d,TXN_87DAECDB,2026-08-08,1768.9,35.38,SUCCESS,UPI,merch_e6614b,cust_232d7ccd,2026-08-08T22:26:13Z
GW_d08a4ac3529,TXN_8EFD23BC,2026-08-17,1835.76,36.72,SUCCESS,UPI,merch_e6614b,cust_92a345b7,2026-08-17T20:01:54Z
GW_23d2ea10f29,TXN_ED68E1E9,2026-08-20,4103.18,82.06,SUCCESS,UPI,merch_e6614b,cust_f59a507f,2026-08-20T17:34:55Z
GW_94cadee259a,TXN_CBD0A351,2026-08-19,1050.87,20.74,SUCCESS,UPI,merch_e6614b,cust_80c2a98f,2026-08-19T23:39:09Z
GW_d7e49b74961,TXN_0BBBED6E,2026-08-13,2121.13,42.42,SUCCESS,UPI,merch_e6614b,cust_98acdaf9,2026-08-13T12:23:24Z
GW_fe1010b6c25,TXN_F6875142,2026-08-14,2088.01,41.76,SUCCESS,UPI,merch_e6614b,cust_89048cae,2026-08-14T10:11:49Z
GW_2737480a3d1,TXN_1B464C4C,2026-08-26,1465.69,29.31,SUCCESS,UPI,merch_e6614b,cust_e568d05e,2026-08-26T09:01:08Z
GW_cf9708a52cc,TXN_87FA2660,2026-08-15,794.41,15.89,SUCCESS,UPI,merch_e6614b,cust_7b58f60c,2026-08-15T14:25:05Z
GW_583737900de,TXN_A349E585,2026-08-10,1235.34,24.71,SUCCESS,UPI,merch_e6614b,cust_2c0b5cbf,2026-08-10T16:32:22Z
GW_e8127d9d20b,TXN_9A352EB9,2026-09-01,3495.07,69.9,SUCCESS,UPI,merch_e6614b,cust_efc8bff3,2026-09-01T04:08:55Z
GW_2e10268151f,TXN_AA35EAD9,2026-08-05,3777.64,75.55,SUCCESS,UPI,merch_e6614b,cust_2e5e75fb,2026-08-05T18:40:43Z
GW_bbdcf04d298,TXN_87E62CD5,2026-08-29,2716.42,54.33,SUCCESS,UPI,merch_e6614b,cust_f781919b,2026-08-29T11:15:43Z
GW_faa91aaee87,TXN_54472864,2026-08-12,4022.17,80.44,SUCCESS,UPI,merch_e6614b,cust_fe2423c6,2026-08-12T07:34:54Z
GW_4b60ece3d1c,TXN_EB860648,2026-08-19,3719.1,74.38,SUCCESS,UPI,merch_e6614b,cust_ed3d1348,2026-08-19T22:45:11Z
GW_3f8482db110,TXN_5C41BC1F,2026-08-30,430.1,8.6,SUCCESS,UPI,merch_e6614b,cust_01b46190,2026-08-30T20:17:05Z
GW_5b979442763,TXN_EDFC155F,2026-08-25,4889.49,97.79,SUCCESS,UPI,merch_e6614b,cust_c124e59e,2026-08-25T09:19:36Z
GW_638189fb549,TXN_7BAC8DB0,2026-08-17,1129.33,22.59,SUCCESS,UPI,merch_e6614b,cust_732d7d3e,2026-08-17T17:07:32Z
GW_6f55f13b0e5,TXN_B1952320,2026-08-21,828.89,16.58,SUCCESS,UPI,merch_e6614b,cust_17895be7,2026-08-21T01:11:03Z
GW_0567b855296,TXN_A2311843,2026-08-05,3051.37,61.03,SUCCESS,UPI,merch_e6614b,cust_66d8fc17,2026-08-05T19:04:30Z
GW_466d6553664,TXN_796DC8C9,2026-08-05,1294.28,25.89,SUCCESS,UPI,merch_e6614b,cust_0e3513d7,2026-08-05T12:35:06Z
GW_a206737f737,TXN_D178333A,2026-08-15,1942.58,38.85,SUCCESS,UPI,merch_e6614b,cust_98866e94,2026-08-15T12:17:43Z
GW_c884341be33,TXN_FF89D227,2026-08-17,1658.76,33.18,SUCCESS,UPI,merch_e6614b,cust_3e509ec0,2026-08-17T15:09:13Z
GW_4f310fce23f,TXN_FB8C154D,2026-08-18,2818.44,56.37,SUCCESS,UPI,merch_e6614b,cust_57e950b8,2026-08-18T07:01:50Z
GW_9810b0476ea,TXN_85F3779A,2026-08-25,87.81,1.76,SUCCESS,UPI,merch_e6614b,cust_7c6a71a0,2026-08-25T14:46:08Z
GW_30ac652eb58,TXN_03A70638,2026-08-19,1149.33,22.99,SUCCESS,UPI,merch_e6614b,cust_315808e5,2026-08-19T19:39:16Z
GW_77ff44ae90b,TXN_DC5E6F3A,2026-08-05,4730.82,94.62,SUCCESS,UPI,merch_e6614b,cust_51f69cc2,2026-08-05T20:13:00Z
GW_587962697b6,TXN_F6B1BAAC,2026-08-28,3234.14,64.68,SUCCESS,UPI,merch_e6614b,cust_05c32f22,2026-08-28T22:08:06Z
GW_3af1c628a8e,TXN_1339F33C,2026-08-12,1281.58,25.63,SUCCESS,UPI,merch_e6614b,cust_9a100134,2026-08-12T08:45:15Z
GW_c652ec4a589,TXN_2CB2770F,2026-09-03,2939.34,58.79,SUCCESS,UPI,merch_e6614b,cust_88d3a0f5,2026-09-03T05:45:56Z
GW_688d0e2d684,TXN_C29E02C1,2026-08-14,4697.66,93.95,SUCCESS,UPI,merch_e6614b,cust_4d5ce6be,2026-08-14T21:16:03Z
GW_3293bdba193,TXN_82F4F0E0,2026-08-24,1329.93,26.6,SUCCESS,UPI,merch_e6614b,cust_35fee8e5,2026-08-24T22:03:10Z
GW_59527b72606,TXN_6E3A43CE,2026-09-04,4193.01,83.86,SUCCESS,UPI,merch_e6614b,cust_f9e8b4f5,2026-09-04T01:15:48Z
GW_92f7404bc4a,TXN_4F05EAAE,2026-08-23,2660.9,53.22,SUCCESS,UPI,merch_e6614b,cust_b213df70,2026-08-23T09:41:05Z
GW_f2f85bb8698,TXN_F7762D13,2026-08-21,4984.49,99.69,SUCCESS,UPI,merch_e6614b,cust_101cd5f8,2026-08-21T07:06:59Z
GW_6e25e3a12ba,TXN_D6A7FEFC,2026-09-02,416.56,8.33,SUCCESS,UPI,merch_e6614b,cust_78f3cfa0,2026-09-02T10:42:24Z
GW_4e2ba7866e9,TXN_53BACA78,2026-08-26,1989.7,39.79,SUCCESS,UPI,merch_e6614b,cust_714d24c3,2026-08-26T03:52:21Z
GW_9fcdab8ae8a,TXN_CA3FAF2E,2026-08-06,1474.87,29.5,SUCCESS,UPI,merch_e6614b,cust_286f0603,2026-08-06T19:32:32Z
GW_3da2bbbb4b9,TXN_17C126C9,2026-08-12,4947.47,98.95,SUCCESS,UPI,merch_e6614b,cust_ffa7ff6f,2026-08-12T20:51:46Z
GW_e33025c69a5,TXN_773FED37,2026-08-15,3913.13,78.26,SUCCESS,UPI,merch_e6614b,cust_3e685c3c,2026-08-15T10:12:57Z
GW_3595e64211a,TXN_C59D4764,2026-08-19,4823.99,96.48,SUCCESS,UPI,merch_e6614b,cust_ceef02ef,2026-08-19T18:54:44Z
GW_222ba3ad398,TXN_4A6E1DFC,2026-09-02,497.14,9.94,SUCCESS,UPI,merch_e6614b,cust_392a4cb3,2026-09-02T16:12:30Z
GW_75734c9589d,TXN_7314B431,2026-08-12,2107.68,42.15,SUCCESS,UPI,merch_e6614b,cust_a7c8a297,2026-08-12T22:52:36Z
GW_f28c9717ea3,TXN_68642E9A,2026-08-31,1861.1,37.22,SUCCESS,UPI,merch_e6614b,cust_fcb90719,2026-08-31T20:12:43Z
GW_607ecdb0cd4,TXN_EBF4D263,2026-08-19,2558.2,51.16,SUCCESS,UPI,merch_e6614b,cust_1ea3ba5c,2026-08-19T20:01:38Z
GW_124234b619a,TXN_035321A3,2026-08-19,1959.48,39.19,SUCCESS,UPI,merch_e6614b,cust_7c65add1,2026-08-19T17:17:33Z
GW_78bc8c77551,TXN_17BB946F,2026-08-26,3419.72,68.39,SUCCESS,UPI,merch_e6614b,cust_a0f1322f,2026-08-26T19:09:07Z
GW_e91721ca15e,TXN_BF98870A,2026-09-01,1183.38,23.67,SUCCESS,UPI,merch_e6614b,cust_cc1c4569,2026-09-01T09:02:21Z
GW_da698f59873,TXN_BB486944,2026-08-17,2819.38,56.39,SUCCESS,UPI,merch_e6614b,cust_a455477b,2026-08-17T09:48:14Z
GW_a440a15ccad,TXN_914F5A31,2026-08-11,4721.16,94.42,SUCCESS,UPI,merch_e6614b,cust_ac87fc44,2026-08-11T18:17:00Z
GW_2cd1e8d6fdd,TXN_458F7F06,2026-08-06,2167.19,43.34,SUCCESS,UPI,merch_e6614b,cust_ce51f005,2026-08-06T10:39:07Z
GW_b877e02ba33,TXN_0B472117,2026-08-08,2286.41,45.73,SUCCESS,UPI,merch_e6614b,cust_2cb3b0fb,2026-08-08T08:50:08Z
GW_aaa97b20781,TXN_53BF5BBB,2026-08-10,2524.66,50.49,SUCCESS,UPI,merch_e6614b,cust_20f3350f,2026-08-10T08:33:13Z
GW_aa1ecd5f553,TXN_6A9B8982,2026-08-30,922.9,18.46,SUCCESS,UPI,merch_e6614b,cust_8d439e09,2026-08-30T17:33:08Z
GW_fee440f3d6e,TXN_938619A8,2026-08-29,3421.54,68.43,SUCCESS,UPI,merch_e6614b,cust_ec5f0c7e,2026-08-29T08:04:38Z
GW_4132f449608,TXN_53A46FF5,2026-08-30,3750.71,75.01,SUCCESS,UPI,merch_e6614b,cust_2a429ddf,2026-08-30T15:31:20Z
GW_1ca3c8eef44,TXN_8E77EBF0,2026-08-18,495.88,9.47,SUCCESS,UPI,merch_e6614b,cust_349f9128,2026-08-18T15:47:07Z
GW_79c9edf426d,TXN_677B8A2A,2026-08-16,1955.63,39.11,SUCCESS,UPI,merch_e6614b,cust_b662a82f,2026-08-16T15:54:51Z
GW_631c8702a7b,TXN_D8CD8710,2026-08-13,4910.59,98.21,SUCCESS,UPI,merch_e6614b,cust_0064b74a,2026-08-13T08:17:15Z
GW_559788487ae,TXN_B0C39B6C,2026-08-21,1603.21,32.06,SUCCESS,UPI,merch_e6614b,cust_389c19b5,2026-08-21T09:30:44Z
GW_6ccf10e1c88,TXN_7C6A2242,2026-08-24,3787.56,73.83,SUCCESS,UPI,merch_e6614b,cust_c9f9eef7,2026-08-24T01:27:40Z
GW_dea2135bfe9,TXN_23E80600,2026-09-03,685.97,13.72,SUCCESS,UPI,merch_e6614b,cust_c9c2db48,2026-09-03T04:29:10Z
GW_ae056c3f187,TXN_0EC5C85A,2026-08-23,4902.04,98.04,SUCCESS,UPI,merch_e6614b,cust_30cdad50,2026-08-23T16:49:43Z
GW_71e976fd1cb,TXN_80D17625,2026-08-27,4658.65,93.17,SUCCESS,UPI,merch_e6614b,cust_6c6bce50,2026-08-27T20:48:47Z
GW_86f940b3bb4,TXN_FB1CEDE1,2026-08-29,3220.73,64.41,SUCCESS,UPI,merch_e6614b,cust_b57abc3b,2026-08-29T13:01:42Z
GW_f20fc0cee75,TXN_426262B1,2026-08-07,1576.76,31.54,SUCCESS,UPI,merch_e6614b,cust_295fba7f,2026-08-07T12:16:52Z
GW_0d82a46d436,TXN_846BA780,2026-08-27,1967.76,39.36,SUCCESS,UPI,merch_e6614b,cust_b41795b6,2026-08-27T19:54:33Z
GW_ff971a54fb1,TXN_4834EC6E,2026-08-13,2737.35,54.75,SUCCESS,UPI,merch_e6614b,cust_5fff32c3,2026-08-13T22:16:17Z
GW_64cbbd0243a,TXN_8DF5FCE7,2026-08-19,805.63,16.11,SUCCESS,UPI,merch_e6614b,cust_27add707,2026-08-19T20:02:31Z
GW_0b8d156f39f,TXN_16AA55A2,2026-08-31,2184.96,43.7,SUCCESS,UPI,merch_e6614b,cust_00530da9,2026-08-31T20:28:02Z
GW_727aa4aa7e5,TXN_4066B234,2026-08-28,4826.75,96.53,SUCCESS,UPI,merch_e6614b,cust_5f7e3753,2026-08-28T16:11:39Z
GW_10511937a90,TXN_C3FA819C,2026-08-12,312.07,6.24,SUCCESS,UPI,merch_e6614b,cust_1ff00749,2026-08-12T17:13:51Z
GW_2c80ad18981,TXN_2AD0BD93,2026-08-31,3382.22,67.64,SUCCESS,UPI,merch_e6614b,cust_12d4f5c5,2026-08-31T21:36:11Z
GW_b443e35d78a,TXN_4032ED35,2026-08-26,3660.38,73.21,SUCCESS,UPI,merch_e6614b,cust_a7930502,2026-08-26T21:51:29Z
GW_898910c15e6,TXN_7D810C5F,2026-08-12,1341.95,26.84,SUCCESS,UPI,merch_e6614b,cust_d0c62364,2026-08-12T02:16:17Z
GW_af7c8368d83,TXN_AB9E6FC6,2026-08-12,305.32,6.11,SUCCESS,UPI,merch_e6614b,cust_0428c60e,2026-08-12T10:06:04Z
GW_b1e897fbea3,TXN_F697D050,2026-08-11,4993.47,99.87,SUCCESS,UPI,merch_e6614b,cust_9e074af6,2026-08-11T09:10:10Z
GW_28d577e7493,TXN_3BF28942,2026-08-17,295.86,5.92,SUCCESS,UPI,merch_e6614b,cust_fd5c2d61,2026-08-17T03:05:26Z
GW_515777f58cb,TXN_E7EBAE77,2026-08-15,2465.07,49.3,SUCCESS,UPI,merch_e6614b,cust_58ee3ae9,2026-08-15T15:04:47Z
GW_4045f0dbffe,TXN_2890C60D,2026-08-31,1147.12,22.94,SUCCESS,UPI,merch_e6614b,cust_54372ebe,2026-08-31T15:51:43Z
GW_9ddaef771a3,TXN_F864AAB5,2026-08-15,297.87,5.96,SUCCESS,UPI,merch_e6614b,cust_cb7c544f,2026-08-15T17:43:41Z
GW_848ad18f258,TXN_598CEF92,2026-08-13,839.35,16.79,SUCCESS,UPI,merch_e6614b,cust_acd0f7a2,2026-08-13T15:31:58Z
GW_48dd2d942ff,TXN_74908E9D,2026-09-02,4428.81,85.34,SUCCESS,UPI,merch_e6614b,cust_56b70f30,2026-09-02T14:25:33Z
GW_8e0c74df263,TXN_F8A9F1DD,2026-09-03,2075.04,41.5,SUCCESS,UPI,merch_e6614b,cust_45c93fd5,2026-09-03T11:03:21Z
GW_677c1d64cb6,TXN_1430A582,2026-08-11,1400.98,28.02,SUCCESS,UPI,merch_e6614b,cust_5f024544,2026-08-11T14:56:36Z
GW_aa74e540a51,TXN_EFEFC504,2026-08-20,176.0,3.52,SUCCESS,UPI,merch_e6614b,cust_aa5dfd97,2026-08-20T07:37:04Z
GW_83b269fd239,TXN_2B9E80C9,2026-08-05,1333.39,26.67,SUCCESS,UPI,merch_e6614b,cust_939d850a,2026-08-05T06:09:50Z
GW_75fce110242,TXN_18B25B88,2026-08-27,233.17,4.66,SUCCESS,UPI,merch_e6614b,cust_beba8e03,2026-08-27T09:02:52Z
GW_373bab22998,TXN_E363A373,2026-08-19,658.66,13.17,SUCCESS,UPI,merch_e6614b,cust_69cad13e,2026-08-19T05:45:11Z
GW_89f176a7d00,TXN_E54FCDC1,2026-08-19,295.98,5.92,SUCCESS,UPI,merch_e6614b,cust_573c7331,2026-08-19T00:50:46Z
GW_d7c61efdea1,TXN_818D8135,2026-08-22,2692.99,53.86,SUCCESS,UPI,merch_e6614b,cust_e1d8cb47,2026-08-22T10:16:40Z
GW_d4243079c2a,TXN_91F3ED09,2026-08-20,2357.69,47.15,SUCCESS,UPI,merch_e6614b,cust_0cd7e906,2026-08-20T17:42:28Z
GW_c30544137d5,TXN_5D43FCCF,2026-08-27,3349.02,66.98,SUCCESS,UPI,merch_e6614b,cust_c07da702,2026-08-27T03:33:56Z
GW_7b9769ccc27,TXN_7F97381F,2026-08-21,1935.29,38.71,SUCCESS,UPI,merch_e6614b,cust_2b9bf39b,2026-08-21T19:59:40Z
GW_a9311343ac9,TXN_D55660F7,2026-08-16,2528.65,50.57,SUCCESS,UPI,merch_e6614b,cust_baae4234,2026-08-16T08:16:27Z
GW_7b400bba5ca,TXN_CFFFC406,2026-08-11,2792.6,55.85,SUCCESS,UPI,merch_e6614b,cust_b42e9b29,2026-08-11T21:37:44Z
GW_47a906a79b7,TXN_667FC314,2026-08-14,2660.07,53.2,SUCCESS,UPI,merch_e6614b,cust_3fac80b5,2026-08-14T07:27:14Z
GW_c714e616ca3,TXN_1ABA4D5A,2026-08-14,3043.38,60.87,SUCCESS,UPI,merch_e6614b,cust_6592f759,2026-08-14T15:23:40Z
GW_2027663e77b,TXN_C91DB5EA,2026-08-29,115.38,2.31,SUCCESS,UPI,merch_e6614b,cust_898bc7a7,2026-08-29T03:30:46Z
GW_96badc43726,TXN_598CEF92,2026-08-13,839.35,16.79,SUCCESS,UPI,merch_e6614b,cust_acd0f7a2,2026-08-13T15:31:58Z
GW_d3b90071b96,TXN_8460CEBB,2026-08-28,1291.29,25.83,SUCCESS,UPI,merch_e6614b,cust_1667b1c4,2026-08-28T03:45:43Z
GW_24dc59cfc04,TXN_68642E9A,2026-08-31,1861.1,37.22,SUCCESS,UPI,merch_e6614b,cust_fcb90719,2026-08-31T20:12:43Z
GW_d532c810a16,TXN_7F87E1F4,2026-09-02,2230.12,44.6,SUCCESS,UPI,merch_e6614b,cust_0925adcf,2026-09-02T06:30:44Z
GW_fe141f5ff40,TXN_5E5C1960,2026-08-21,2077.88,41.56,SUCCESS,UPI,merch_e6614b,cust_85c99c7c,2026-08-21T12:29:20Z
GW_d79605342a6,TXN_D8535CDF,2026-08-29,2709.51,54.19,SUCCESS,UPI,merch_e6614b,cust_543c01db,2026-08-29T01:55:33Z
