settlement_id,transaction_id,gateway_txn_id,settlement_date,gross_amount,net_amount,fee_deducted,settlement_status
SET_c6302b01c,TXN_A5D588B1,GW_88e2328f344,2026-08-20,4234.37,4149.68,84.69,SETTLED
SET_5ad0ec531,TXN_67AE5295,GW_09746d46db6,2026-08-12,1525.48,1494.97,30.51,SETTLED
SET_d871bc63e,TXN_59D80763,GW_e7293cb5d99,2026-08-15,3728.87,3654.29,74.58,SETTLED
SET_c8f96e8f2,TXN_71D90CEE,GW_f00780b1f16,2026-09-01,3220.96,3156.54,64.42,SETTLED
SET_be62a532f,TXN_974613D9,GW_b553762594a,2026-08-26,1928.0,1889.44,38.56,SETTLED
SET_7eea84e52,TXN_CD581293,GW_d90bda106bf,2026-08-06,2483.39,2433.72,49.67,SETTLED
SET_1945d1677,TXN_A8D2D42E,GW_4574c6bcfd0,2026-08-16,2910.46,2852.25,58.21,SETTLED
SET_bc27faefc,TXN_75D85B50,GW_1c4f9a17905,2026-08-07,1732.11,1697.47,34.64,SETTLED
SET_c01f6bae7,TXN_7ABCDFFA,GW_b650bbd88e2,2026-08-27,504.04,493.96,10.08,SETTLED
SET_d657cd7ea,TXN_7E1B356B,GW_8885b625f32,2026-08-28,575.5,563.99,11.51,SETTLED
SET_88127b1c4,TXN_581743D3,GW_f39a463e95a,2026-08-27,1697.51,1663.56,33.95,SETTLED
SET_17e7ce489,TXN_139170FC,GW_db617802f4d,2026-09-01,99.2,97.22,1.98,SETTLED
SET_1b53d646a,TXN_9D19590B,GW_cffb476952e,2026-09-02,3611.33,3539.1,72.23,SETTLED
SET_f72cec4ca,TXN_5CAA6501,GW_a6863777559,2026-08-20,839.14,822.36,16.78,SETTLED
SET_85e96af43,TXN_EE3462E3,GW_6de83d5803d,2026-08-28,1387.29,1359.54,27.75,SETTLED
SET_053463b75,TXN_FCFD9383,GW_73d33bce0f7,2026-08-23,2183.21,2139.55,43.66,SETTLED
SET_423ffd450,TXN_25EA83B3,GW_2868a19d7ef,2026-08-29,1726.52,1691.99,34.53,SETTLED
SET_94bbf5b10,TXN_6BB17682,GW_bcf64a96797,2026-08-24,1629.77,1597.17,32.6,SETTLED
SET_dc3fba98a,TXN_284B783C,GW_bd2e35f1832,2026-08-28,4009.35,3929.16,80.19,SETTLED
SET_443461540,TXN_0C9FE8C4,GW_c6489222963,2026-08-11,2668.89,2615.51,53.38,SETTLED
SET_c9c21082e,TXN_FA4B2610,GW_c2e41033744,2026-08-28,1179.35,1155.76,23.59,SETTLED
SET_87032182e,TXN_271805B9,GW_5eb06b950bd,2026-08-09,2545.58,2494.67,50.91,SETTLED
SET_4dfa255dd,TXN_8C3C652C,GW_a920db727d4,2026-09-08,1713.85,1679.57,34.28,SETTLED
SET_bdd754f16,TXN_4385BD02,GW_136d803e255,2026-08-09,1824.71,1788.22,36.49,SETTLED
SET_c4c640461,TXN_EC5AEBCE,GW_c2f31037429,2026-08-18,4193.5,4109.63,83.87,SETTLED
SET_fead6b6f8,TXN_809122E9,GW_5632f5125a7,2026-08-25,3582.97,3511.31,71.66,SETTLED
SET_a79b047b1,TXN_7A7A2CCA,GW_41126bbfef6,2026-08-27,4564.59,4473.3,91.29,SETTLED
SET_e1b2c9e43,TXN_90E9B10B,GW_2c4e7e23d71,2026-08-13,4346.88,4259.94,86.94,SETTLED
SET_a89beee45,TXN_DC3AA0A6,GW_f231c38fb1f,2026-08-27,1482.65,1453.0,29.65,SETTLED
SET_af1ebbe54,TXN_4F3674FA,GW_fca4866847d,2026-08-12,2924.52,2866.03,58.49,SETTLED
SET_c98a7ec82,TXN_6926F38F,GW_aacd65d9563,2026-08-21,327.83,321.27,6.56,SETTLED
SET_f0c949474,TXN_A3C027BF,GW_bae4abbfc74,2026-08-15,1233.94,1209.26,24.68,SETTLED
SET_92c2e090e,TXN_DC40C439,GW_ab59638da7a,2026-08-28,4350.67,4263.66,87.01,SETTLED
SET_95a547e73,TXN_8460CEBB,GW_1a4fa25fedf,2026-08-29,1291.29,1265.46,25.83,SETTLED
SET_e6e9d58a6,TXN_CA85F650,GW_2b8bb540ac3,2026-08-22,4568.04,4476.68,91.36,SETTLED
SET_5c3eadb2c,TXN_28573B57,GW_03b6d6cdf1e,2026-08-27,2762.77,2707.51,55.26,SETTLED
SET_9d39987c1,TXN_86538E94,GW_4db0556e22e,2026-08-24,122.47,120.02,2.45,SETTLED
SET_a42f0b8e4,TXN_826C78A4,GW_f504bcb2741,2026-08-23,277.77,272.21,5.56,SETTLED
SET_9fbb7f65d,TXN_8E147F2B,GW_51ba65f5a40,2026-08-20,1445.03,1416.13,28.9,SETTLED
SET_f94d0d27a,TXN_EE9FC622,GW_1d4da836cb1,2026-08-24,2523.21,2472.75,50.46,SETTLED
SET_8ea3a0b71,TXN_5BF05146,GW_7a3e2ba4878,2026-09-02,10.72,10.51,0.21,SETTLED
SET_5546c2a1f,TXN_040BDBE7,GW_b2ecce03111,2026-08-10,1695.21,1661.31,33.9,SETTLED
SET_b0cb4017d,TXN_54E40927,GW_5ca5b3856ba,2026-08-17,4702.38,4608.33,94.05,SETTLED
SET_fe33394ad,TXN_E7992F22,GW_81932dcf9b8,2026-08-07,3781.21,3705.59,75.62,SETTLED
SET_865f3aa20,TXN_F45900C2,GW_7cfdfa1946b,2026-08-25,2697.58,2643.63,53.95,SETTLED
SET_ecf972838,TXN_9A5D1C9A,GW_a2a32601a9b,2026-08-13,1622.44,1589.99,32.45,SETTLED
SET_724581b79,TXN_7C39E09B,GW_26165ff6bf9,2026-08-29,1907.22,1869.08,38.14,SETTLED
SET_54f325b31,TXN_03B9E857,GW_0dbcb188017,2026-08-23,1066.72,1045.39,21.33,SETTLED
SET_976e54a11,TXN_86781258,GW_fe905ff1470,2026-08-12,2646.93,2593.99,52.94,SETTLED
SET_d6c628105,TXN_41828265,GW_b069a2936e4,2026-08-25,390.62,382.81,7.81,SETTLED
SET_618be8dea,TXN_642B9475,GW_36231a20103,2026-08-16,1869.19,1831.81,37.38,SETTLED
SET_6bf5c43ba,TXN_9187C542,GW_dfa1e69820b,2026-09-02,4413.99,4325.71,88.28,SETTLED
SET_e922f9267,TXN_EC7A210B,GW_6989c25f6af,2026-09-04,2316.07,2269.75,46.32,SETTLED
SET_44cd93c34,TXN_4D651C8E,GW_b87c863bf8a,2026-08-15,2273.06,2227.6,45.46,SETTLED
SET_6d27b9055,TXN_1986FBF4,GW_33be7acf640,2026-08-20,116.56,114.23,2.33,SETTLED
SET_c293481ea,TXN_2D8A2F0E,GW_616f22673b6,2026-08-21,3118.94,3056.56,62.38,SETTLED
SET_977d478ce,TXN_E610247D,GW_ca4c356b9e3,2026-08-23,1255.96,1230.84,25.12,SETTLED
SET_c2a38bfc1,TXN_ACA1A094,GW_b6a5d68524d,2026-08-31,4942.01,4843.17,98.84,SETTLED
SET_69144ffaa,TXN_8DC0C8CF,GW_eff3a92ba48,2026-08-07,4804.13,4708.05,96.08,SETTLED
SET_e79f7c19b,TXN_98D0D6AA,GW_3bb394e9b61,2026-08-11,788.97,773.19,15.78,SETTLED
SET_9d1863f8d,TXN_DDEBA675,GW_02b2553ae8d,2026-08-09,4054.88,3973.78,81.1,SETTLED
SET_eae6dd09a,TXN_2B9770DE,GW_ee3c5e7cfa0,2026-08-26,3980.93,3901.31,79.62,SETTLED
SET_8bd9b3c7a,TXN_86DDA896,GW_a816a13a38c,2026-08-16,2342.6,2295.75,46.85,SETTLED
SET_1cbe372d3,TXN_D70F9E63,GW_a37eed106ba,2026-08-30,2402.63,2354.58,48.05,SETTLED
SET_f2e249d9e,TXN_9C48A5D3,GW_983b57780a7,2026-08-18,4255.02,4169.92,85.1,SETTLED
SET_15473b1cf,TXN_C6C07F33,GW_f4ca1b866fa,2026-08-08,3905.69,3827.58,78.11,SETTLED
SET_daf723120,TXN_37AD4597,GW_fe9ad1d08ba,2026-08-22,4922.91,4824.45,98.46,SETTLED
SET_8d01d5742,TXN_27CC1D44,GW_267059e4954,2026-09-03,2950.87,2891.85,59.02,SETTLED
SET_aa90119f1,TXN_5B34698A,GW_7b1215f0307,2026-09-04,335.0,328.3,6.7,SETTLED
SET_9e558bd76,TXN_2CF66461,GW_48ded57ecd3,2026-08-21,4080.84,3999.22,81.62,SETTLED
SET_c884f55f1,TXN_47F581A8,GW_650f7b03971,2026-08-18,3958.42,3879.25,79.17,SETTLED
SET_168ee1be5,TXN_E0E3363B,GW_f2379d8d727,2026-08-15,1739.48,1704.69,34.79,SETTLED
SET_83ff9288f,TXN_A5749BCA,GW_175e2153435,2026-09-04,4950.25,4851.25,99.0,SETTLED
SET_8f6ca80a4,TXN_5709B74D,GW_189c80693f9,2026-08-18,2371.6,2324.17,47.43,SETTLED
SET_26e1a3dcc,TXN_47C0153C,GW_dbfdce34638,2026-08-15,4325.16,4238.66,86.5,SETTLED
SET_da5777b5c,TXN_3E9D9787,GW_de9ffa50cba,2026-09-02,4796.76,4700.82,95.94,SETTLED
SET_f55e45659,TXN_1B0A3855,GW_23274beb508,2026-08-13,1197.51,1173.56,23.95,SETTLED
SET_c413113bf,TXN_F14E4487,GW_66b3d8c83d2,2026-08-28,1023.02,1002.56,20.46,SETTLED
SET_c1df170a7,TXN_E72813AC,GW_f6c22fa1654,2026-08-17,56.47,55.34,1.13,SETTLED
SET_ca22febe9,TXN_010F0140,GW_49da5a07c8a,2026-08-12,4062.42,3981.17,81.25,SETTLED
SET_bee339e22,TXN_D957DE96,GW_657f44fcc83,2026-08-08,1568.76,1537.38,31.38,SETTLED
SET_e1d1da02a,TXN_A1BA6B59,GW_613ecfe9632,2026-08-17,2657.54,2604.39,53.15,SETTLED
SET_4ad140e6f,TXN_47712795,GW_f435e4e288b,2026-08-22,4031.25,3950.63,80.62,SETTLED
SET_46f3f80f8,TXN_792A6BCD,GW_1ad2de1f45c,2026-08-18,4285.45,4199.74,85.71,SETTLED
SET_99c01d895,TXN_2109F01F,GW_62b17b3589a,2026-08-24,3642.54,3569.69,72.85,SETTLED
SET_b0376e863,TXN_B27FB2CD,GW_268a630fb2c,2026-08-15,37.12,36.38,0.74,SETTLED
SET_04768fda0,TXN_E9CE9F8E,GW_103a44bf00e,2026-08-20,1104.15,1082.07,22.08,SETTLED
SET_0276578f0,TXN_7FD9B15A,GW_3b71d6f7400,2026-08-30,3261.18,3195.96,65.22,SETTLED
SET_a11a3258b,TXN_63B39366,GW_dc772e397c4,2026-08-28,2084.96,2043.26,41.7,SETTLED
SET_aff5173c1,TXN_513B652B,GW_7227a11d324,2026-09-01,91.01,89.19,1.82,SETTLED
SET_9938fdf22,TXN_C95517E1,GW_e6b60672bff,2026-09-02,4019.54,3939.15,80.39,SETTLED
SET_0c36eed40,TXN_408DDDA7,GW_1afeed7eab5,2026-09-04,2374.41,2326.92,47.49,SETTLED
SET_43640a2df,TXN_1F455F11,GW_8748912e0c9,2026-09-04,1227.97,1203.41,24.56,SETTLED
SET_a2946092e,TXN_3896268A,GW_475be683b76,2026-08-20,1408.86,1380.68,28.18,SETTLED
SET_19e60b3c0,TXN_EA105E04,GW_ac1cd6c2c9f,2026-08-13,375.64,368.13,7.51,SETTLED
SET_2cac013ca,TXN_A69F5F20,GW_9792425400c,2026-08-29,1124.1,1101.62,22.48,SETTLED
SET_aa486fac5,TXN_C401F9B7,GW_7eab508086f,2026-08-08,2114.91,2072.61,42.3,SETTLED
SET_6b5397129,TXN_B3BFECE3,GW_e808c4b0b47,2026-08-07,2198.44,2154.47,43.97,SETTLED
SET_915c96c56,TXN_7851D67B,GW_8e5591bb839,2026-08-06,2497.28,2447.33,49.95,SETTLED
SET_b518ff0a9,TXN_B4986C49,GW_afff3995456,2026-08-15,331.93,325.29,6.64,SETTLED
SET_6ba796d20,TXN_2A4FFB3D,GW_95138151672,2026-08-30,3412.95,3344.69,68.26,SETTLED
SET_0b65d74bc,TXN_BDBD444C,GW_0b5adfb6790,2026-08-31,2041.74,2000.91,40.83,SETTLED
SET_2cab5442d,TXN_3E952EB2,GW_fc1017f885e,2026-08-07,1871.15,1833.73,37.42,SETTLED
SET_9615c32dc,TXN_EA46C466,GW_4af503d2d04,2026-08-25,3957.81,3878.65,79.16,SETTLED
SET_db0f3e004,TXN_2BDC1362,GW_a4d97e4c74c,2026-08-20,3026.28,2965.75,60.53,SETTLED
SET_f2b403514,TXN_26ED86EE,GW_006d4574028,2026-08-27,3525.52,3455.01,70.51,SETTLED
SET_f5bf38b62,TXN_614CA9D7,GW_60c4e148ca4,2026-08-15,4102.74,4020.69,82.05,SETTLED
SET_e264d85bb,TXN_EFD87B66,GW_3aabadb0fe9,2026-08-15,4606.2,4514.08,92.12,SETTLED
SET_a420d2001,TXN_A4C7F864,GW_4a29b4c7e8c,2026-09-03,4312.81,4226.55,86.26,SETTLED
SET_b51d349df,TXN_C9473B5E,GW_f0bee69ffac,2026-09-04,415.95,407.63,8.32,SETTLED
SET_4a47b02c3,TXN_50C9DFC6,GW_47ed01b8976,2026-08-18,2859.73,2802.54,57.19,SETTLED
SET_e681e348e,TXN_978FB2CB,GW_7430b90fb72,2026-08-16,4523.04,4432.58,90.46,SETTLED
SET_e580f5e57,TXN_BF29324A,GW_4961a24ce02,2026-09-03,382.61,374.96,7.65,SETTLED
SET_a525808df,TXN_242051FA,GW_9803598270a,2026-08-17,4031.97,3951.33,80.64,SETTLED
SET_cbf9c2288,TXN_B401207C,GW_ab1dcbcfd4a,2026-08-13,332.06,325.42,6.64,SETTLED
SET_6e21c712d,TXN_BC480D63,GW_f02cd9fabca,2026-08-26,290.08,284.28,5.8,SETTLED
SET_1e692f27c,TXN_4E2D4CA7,GW_ce242ef48b5,2026-08-20,4201.92,4117.88,84.04,SETTLED
SET_ec7df4e22,TXN_37A00970,GW_3998d8b6e1e,2026-08-22,4800.24,4704.24,96.0,SETTLED
SET_6983a4b60,TXN_B066A63B,GW_f006e4b7a9a,2026-08-26,682.14,668.5,13.64,SETTLED
SET_e80230a44,TXN_71BA16C6,GW_da3711cb170,2026-08-19,4146.88,4063.94,82.94,SETTLED
SET_caed3b798,TXN_DA12CE61,GW_c8a5da7fb14,2026-08-09,2153.75,2110.67,43.08,SETTLED
SET_7cdb192ad,TXN_B80E3152,GW_549b1635d8a,2026-09-07,951.97,932.93,19.04,SETTLED
SET_4d59f261a,TXN_5BEB167C,GW_e66dc0abff3,2026-08-13,1439.54,1410.75,28.79,SETTLED
SET_5af785b3b,TXN_3CB2B7FA,GW_4f03ae5809b,2026-08-11,4571.41,4479.98,91.43,SETTLED
SET_fc21ea89a,TXN_B29F2497,GW_c95478c8891,2026-08-26,525.4,514.89,10.51,SETTLED
SET_e74554293,TXN_F17CFD26,GW_c9c51cb4aaf,2026-08-16,851.86,834.82,17.04,SETTLED
SET_e315ec4a9,TXN_35C3A48D,GW_526dfaeb7cb,2026-08-15,4593.08,4501.22,91.86,SETTLED
SET_defe10b83,TXN_FC2A9BA2,GW_c46f05b5580,2026-08-22,3486.46,3416.73,69.73,SETTLED
SET_04237fe8e,TXN_230FAA50,GW_ddee88bbb7d,2026-08-20,1581.92,1550.28,31.64,SETTLED
SET_93057af2c,TXN_B5296A80,GW_efd788ce7c5,2026-08-09,1331.4,1304.77,26.63,SETTLED
SET_dfac3a1b2,TXN_0A18E07D,GW_5f7be813235,2026-08-13,4239.62,4154.83,84.79,SETTLED
SET_3d55c5a16,TXN_AE409C04,GW_35fecad7653,2026-08-13,1985.09,1945.39,39.7,SETTLED
SET_f507a22a8,TXN_E9DE8189,GW_8c836f34b28,2026-08-31,3336.56,3269.83,66.73,SETTLED
SET_82134ae3f,TXN_07F974E0,GW_e4c05cd2c17,2026-08-29,4518.0,4427.64,90.36,SETTLED
SET_82a47681c,TXN_FF8CD2F8,GW_7c6d599ee2c,2026-08-12,3256.39,3191.26,65.13,SETTLED
SET_2b8758437,TXN_A3DE8F04,GW_1bade599042,2026-08-10,3266.36,3201.03,65.33,SETTLED
SET_a199151cc,TXN_CEFD748B,GW_a9d3794dcda,2026-08-07,3220.03,3155.63,64.4,SETTLED
SET_b41d5da0a,TXN_1F27F4EB,GW_4e0fad14896,2026-09-04,1755.42,1720.31,35.11,SETTLED
SET_17e8944d0,TXN_54817584,GW_06c162b0865,2026-08-27,4730.15,4635.55,94.6,SETTLED
SET_633312956,TXN_A031ABF9,GW_044c3192f60,2026-08-21,2683.92,2630.24,53.68,SETTLED
SET_842979605,TXN_E3CC0735,GW_d8d71c710fc,2026-08-19,4758.0,4662.84,95.16,SETTLED
SET_36f6e5110,TXN_EEDDE406,GW_2011f58986a,2026-08-29,4317.12,4230.78,86.34,SETTLED
SET_1cf36a678,TXN_50ACCF99,GW_34061d71861,2026-09-03,974.76,955.26,19.5,SETTLED
SET_1a2b29ac7,TXN_DA6C11AE,GW_5dbad71685b,2026-08-28,1943.0,1904.14,38.86,SETTLED
SET_4ad0f3a05,TXN_6B67C0C9,GW_12a1b21263e,2026-08-31,3371.11,3303.69,67.42,SETTLED
SET_ec60c8a35,TXN_9C9FCB4D,GW_67144cfed94,2026-08-14,121.55,119.12,2.43,SETTLED
SET_e14d8896b,TXN_CC8388AF,GW_e19ce8a69bd,2026-08-15,4643.34,4550.47,92.87,SETTLED
SET_fd789cb77,TXN_4DDD8540,GW_f634e132430,2026-09-02,4474.62,4385.13,89.49,SETTLED
SET_40bb01ff9,TXN_427C98C2,GW_573f9da81e3,2026-08-12,2692.32,2638.47,53.85,SETTLED
SET_17108b018,TXN_8244B029,GW_cd7d67b20ea,2026-08-12,1260.27,1235.06,25.21,SETTLED
SET_80e144423,TXN_8B0DEDEB,GW_7b890d155e4,2026-08-08,1693.69,1659.82,33.87,SETTLED
SET_61c123935,TXN_5E5C1960,GW_8871dd132b4,2026-08-22,2077.88,2036.32,41.56,SETTLED
SET_3176c3229,TXN_72C3F84A,GW_ecc6f864a74,2026-08-07,1935.19,1896.49,38.7,SETTLED
SET_13310d050,TXN_0CF4CC66,GW_d84dbafd8a3,2026-08-09,2861.97,2804.73,57.24,SETTLED
SET_fad80d9f3,TXN_0CFB84F1,GW_6012138334d,2026-08-17,749.51,734.52,14.99,SETTLED
SET_fe3634801,TXN_DD9590CE,GW_850451a1562,2026-08-16,3163.38,3100.11,63.27,SETTLED
SET_070aac3f8,TXN_60C2CF62,GW_dcc3bce906b,2026-08-19,3103.07,3041.01,62.06,SETTLED
SET_f83a82307,TXN_47EC9669,GW_0a78a37f54c,2026-08-08,4730.7,4636.09,94.61,SETTLED
SET_7534545d4,TXN_41689D34,GW_7cd3a6f015b,2026-08-11,4556.86,4465.72,91.14,SETTLED
SET_2f21a81bf,TXN_D17F6A8B,GW_3c54fd03b62,2026-08-19,455.89,446.77,9.12,SETTLED
SET_7196478ba,TXN_3C555D95,GW_d3143978880,2026-08-31,625.64,613.13,12.51,SETTLED
SET_21cd78d66,TXN_F4C96502,GW_df1320920b4,2026-08-17,3885.6,3807.89,77.71,SETTLED
SET_c96e15580,TXN_C9047248,GW_2033e390b52,2026-09-02,2181.04,2137.42,43.62,SETTLED
SET_0a7674cd5,TXN_8627FEA1,GW_225388f1a25,2026-09-07,3681.58,3607.95,73.63,SETTLED
SET_025933bc1,TXN_2597701B,GW_42bda91e2a2,2026-08-06,2476.74,2427.21,49.53,SETTLED
SET_f9dca142b,TXN_72EE1CFB,GW_d76dea675dd,2026-08-20,4548.75,4457.77,90.98,SETTLED
SET_5e24763e9,TXN_7D9C50B4,GW_e5dbe0843b4,2026-08-16,4031.15,3950.53,80.62,SETTLED
SET_3116d85e5,TXN_8F9BA265,GW_12229fac8fe,2026-08-23,3250.52,3185.51,65.01,SETTLED
SET_e311d55f3,TXN_F85C2529,GW_f74608df71e,2026-08-11,4440.89,4352.07,88.82,SETTLED
SET_3108283a0,TXN_7A282E3E,GW_a81cdbfa0da,2026-08-19,236.35,231.62,4.73,SETTLED
SET_7dcca6ab7,TXN_1FC4AC38,GW_68bde53cbc5,2026-08-25,4030.23,3949.63,80.6,SETTLED
SET_1eb3b33cd,TXN_6B1FC86B,GW_94ab2c71a28,2026-08-29,2957.94,2898.78,59.16,SETTLED
SET_e9ae1590b,TXN_7D7753D0,GW_8b68c5bd287,2026-08-10,3558.84,3487.66,71.18,SETTLED
SET_0f3bb0b89,TXN_70DCC290,GW_6b0fe91c4dc,2026-08-19,227.41,222.86,4.55,SETTLED
SET_3cb7dedb3,TXN_B453317A,GW_028165671cd,2026-09-02,2758.22,2703.06,55.16,SETTLED
SET_136ba3b49,TXN_80977290,GW_4f84bec51e3,2026-09-01,946.18,927.26,18.92,SETTLED
SET_dc1d23986,TXN_A9E525D5,GW_27e1dc4befa,2026-08-09,2561.37,2510.14,51.23,SETTLED
SET_579ccd788,TXN_91BFCB74,GW_4d52f30f02b,2026-08-21,1527.49,1496.94,30.55,SETTLED
SET_77671a65b,TXN_05BE2884,GW_7cacc829f0d,2026-08-13,2443.45,2394.58,48.87,SETTLED
SET_1d1e09c02,TXN_D129D1A2,GW_ba929557e04,2026-08-18,919.04,900.66,18.38,SETTLED
SET_5cd8e8466,TXN_EBF85815,GW_433c924167a,2026-08-14,47.35,46.4,0.95,SETTLED
SET_3395769c4,TXN_5F98E778,GW_6ffc831a97d,2026-08-16,3900.91,3822.89,78.02,SETTLED
SET_5fb68d4cf,TXN_2E766233,GW_9a95a89809f,2026-08-30,3909.04,3830.86,78.18,SETTLED
SET_adb789468,TXN_C00385DB,GW_a5d5721156b,2026-08-27,901.49,883.46,18.03,SETTLED
SET_deb6650b5,TXN_E6487DCD,GW_b48ac361837,2026-08-28,245.82,240.9,4.92,SETTLED
SET_2c103fb64,TXN_D8D45E9E,GW_6d82560c03e,2026-08-12,4875.48,4777.97,97.51,SETTLED
SET_732901206,TXN_3BF68855,GW_55088a91415,2026-08-10,2073.16,2031.7,41.46,SETTLED
SET_1e59cf1fd,TXN_807F8F9C,GW_fbc963e76d2,2026-09-02,4902.28,4804.23,98.05,SETTLED
SET_c0626bc2c,TXN_99B14DB4,GW_c3ac484dc8e,2026-08-10,4349.62,4262.63,86.99,SETTLED
SET_6d0dea25b,TXN_2B25D7AB,GW_bab16388593,2026-08-24,4232.79,4148.13,84.66,SETTLED
SET_c917aca9e,TXN_B4EDECDC,GW_e42585437e4,2026-08-30,2316.74,2270.41,46.33,SETTLED
SET_3a814cf87,TXN_35FF6851,GW_e0d4b99674b,2026-08-10,3443.93,3375.05,72.3,SETTLED
SET_b2324cd53,TXN_C13A984C,GW_219237d1c45,2026-08-31,1767.53,1732.18,35.35,SETTLED
SET_75b4f2a7f,TXN_0DCBE84D,GW_388304cdab0,2026-08-11,1966.33,1927.0,39.33,SETTLED
SET_d96af51d4,TXN_23F8F9D6,GW_33474d31e20,2026-08-09,2889.85,2832.05,57.8,SETTLED
SET_a845ef030,TXN_88B65823,GW_a4aef91d636,2026-08-07,2773.7,2718.23,55.47,SETTLED
SET_195d34086,TXN_CFFFC406,GW_cea81df2557,2026-08-12,2792.6,2736.75,55.85,SETTLED
SET_e0952d266,TXN_62FE56CD,GW_b61df6a94a3,2026-08-23,1017.62,997.27,20.35,SETTLED
SET_735651bb1,TXN_C3F68F77,GW_0a7f0cba492,2026-08-14,1523.54,1493.07,30.47,SETTLED
SET_05329fa9b,TXN_C786328C,GW_da7bf40ef76,2026-09-02,4866.65,4769.32,97.33,SETTLED
SET_2cc8c2856,TXN_3BEB08F7,GW_556e6b359ae,2026-08-23,2657.13,2603.99,53.14,SETTLED
SET_34d8d3e6f,TXN_7EB54B2C,GW_5e4f83b5b07,2026-08-18,2946.82,2887.88,58.94,SETTLED
SET_59c142604,TXN_D4FC2C06,GW_7aa50ba26d9,2026-08-19,4159.71,4076.52,83.19,SETTLED
SET_5695add10,TXN_B9C485C3,GW_c016527ecff,2026-08-11,3160.93,3097.71,63.22,SETTLED
SET_d54cadd83,TXN_DE42B4EF,GW_18143f59fd9,2026-08-12,4072.71,3991.26,81.45,SETTLED
SET_c3068cc69,TXN_7372BC8F,GW_7b5d697e29d,2026-08-15,4725.9,4631.38,94.52,SETTLED
SET_b79ffbdce,TXN_7DA8DB6C,GW_168dd9edab7,2026-08-21,991.56,971.73,19.83,SETTLED
SET_5272e8b93,TXN_731C014D,GW_4b55212e90e,2026-08-22,3509.15,3438.97,70.18,SETTLED
SET_97b95345e,TXN_EAB9E095,GW_b60824e0dcb,2026-08-27,1947.84,1908.88,38.96,SETTLED
SET_ca247e645,TXN_ACC8AFCE,GW_c0746585b8b,2026-08-10,1000.63,980.62,23.29,SETTLED
SET_427ad477d,TXN_8FFCED05,GW_cb75ca3616d,2026-08-18,665.58,652.27,13.31,SETTLED
SET_c36230279,TXN_C12BD270,GW_c5027d6b28e,2026-08-15,314.76,308.46,6.3,SETTLED
SET_8b0607697,TXN_B10BFD31,GW_13ef7dcd342,2026-08-26,2728.95,2674.37,54.58,SETTLED
SET_fe09c8008,TXN_CA9D94C3,GW_759aa96f0bd,2026-09-02,3667.33,3593.98,73.35,SETTLED
SET_6f6c0d1c0,TXN_16C2D82E,GW_6d08e07970e,2026-08-17,862.33,845.08,17.25,SETTLED
SET_cbf303e8f,TXN_788E521F,GW_6e6bae53528,2026-09-02,2232.99,2188.33,44.66,SETTLED
SET_11b9072bb,TXN_ED9346D1,GW_f654f382cfb,2026-09-03,2488.23,2438.47,49.76,SETTLED
SET_f2c35bc22,TXN_498CF1F1,GW_8c7fa04aa43,2026-08-07,4952.86,4853.8,101.24,SETTLED
SET_7e9e43845,TXN_62D7C0AF,GW_69b01aa5c6e,2026-08-15,656.67,643.54,13.13,SETTLED
SET_1c48dbde0,TXN_B4EDEE9A,GW_3587a76f00c,2026-08-19,1952.45,1913.4,39.05,SETTLED
SET_584cdbc97,TXN_D14768CC,GW_c1a3b360426,2026-08-30,4865.34,4768.03,97.31,SETTLED
SET_9cb26dd2e,TXN_210A562F,GW_84ba1a1965b,2026-08-26,3272.85,3207.39,65.46,SETTLED
SET_4c2e04857,TXN_CAAE8510,GW_490452f4f3e,2026-09-02,3180.51,3116.9,63.61,SETTLED
SET_12660175e,TXN_5DE1D983,GW_eeb0bc20989,2026-08-25,4796.96,4701.02,95.94,SETTLED
SET_6ea44929a,TXN_9BD2F22A,GW_bbe336037f4,2026-08-28,4979.8,4880.2,99.6,SETTLED
SET_a2b42f1ef,TXN_5E7E514F,GW_d2c9c1dba6f,2026-08-21,2646.28,2593.35,52.93,SETTLED
SET_18a840063,TXN_57531D98,GW_fd93f1fc989,2026-08-11,1618.11,1585.75,32.36,SETTLED
SET_a53082ca1,TXN_58B087C9,GW_8b73431da9e,2026-08-17,4906.54,4808.41,98.13,SETTLED
SET_91f8147ba,TXN_4332985E,GW_f350475edf9,2026-08-15,4426.49,4337.96,88.53,SETTLED
SET_541cc44af,TXN_31A23EB3,GW_b88e00ed41f,2026-08-27,915.67,897.36,18.31,SETTLED
SET_e328a7223,TXN_A4037887,GW_73085e593d1,2026-08-12,3649.57,3576.58,72.99,SETTLED
SET_8495f77db,TXN_2FA45468,GW_c8db6b10611,2026-08-26,2545.68,2494.77,50.91,SETTLED
SET_0cb81f0aa,TXN_8C74F46F,GW_c95913bdb40,2026-08-26,1654.96,1621.86,33.1,SETTLED
SET_3e3d8fc6c,TXN_15D67FB4,GW_c1255af4f55,2026-08-29,490.35,480.54,9.81,SETTLED
SET_8e52a870f,TXN_7FB1CD54,GW_4c601163be9,2026-08-28,4783.34,4687.67,95.67,SETTLED
SET_855e7f766,TXN_D2BF1C91,GW_3141c22358d,2026-08-26,3269.95,3204.55,65.4,SETTLED
SET_3a344e5db,TXN_73EC0BC8,GW_1de4669a3bb,2026-08-13,4970.29,4870.88,99.41,SETTLED
SET_c1ffd8971,TXN_EEA39A7A,GW_6f6dde43a53,2026-09-03,4952.86,4853.8,99.06,SETTLED
SET_6ad5904f9,TXN_C0995B86,GW_2f01649750c,2026-08-20,2076.43,2034.9,41.53,SETTLED
SET_5ad152e86,TXN_5DAB08A6,GW_e0f4348ba16,2026-08-30,4717.41,4623.06,94.35,SETTLED
SET_8306e3e76,TXN_AC681C6E,GW_0f03ca4b64b,2026-08-15,123.04,120.58,2.46,SETTLED
SET_3acdb7877,TXN_1ABA4D5A,GW_18f6ce25c4a,2026-08-15,3043.38,2982.51,60.87,SETTLED
SET_11816078f,TXN_7861B306,GW_53a0ea68788,2026-08-24,1921.56,1883.13,38.43,SETTLED
SET_f8aee9704,TXN_DB57D22F,GW_dfd7a2d880f,2026-08-12,2774.79,2719.29,55.5,SETTLED
SET_2f593a655,TXN_2389BE01,GW_e4dc5a72b73,2026-09-03,1296.85,1270.91,25.94,SETTLED
SET_17e796e3e,TXN_24EBC2F9,GW_77f743c60b2,2026-08-14,336.96,330.22,6.74,SETTLED
SET_17d2609d4,TXN_855AE362,GW_4742e47c642,2026-08-21,1861.31,1824.08,37.23,SETTLED
SET_9c9eb7b66,TXN_667FC314,GW_adc2d773164,2026-08-15,2660.07,2606.87,53.2,SETTLED
SET_224706e13,TXN_CCDC85C7,GW_abc96320a3e,2026-08-26,1054.52,1033.43,21.09,SETTLED
SET_36b2d4401,TXN_711A392B,GW_6915dd77cfb,2026-08-26,3206.12,3142.0,64.12,SETTLED
SET_6a94551c5,TXN_6C78D198,GW_5ca310bf564,2026-08-23,745.03,730.13,14.9,SETTLED
SET_0f67f2adb,TXN_8E4C9833,GW_40a8df78e67,2026-08-06,2044.49,2003.6,40.89,SETTLED
SET_545b49554,TXN_4EF11D13,GW_bdbd25c5120,2026-09-01,4003.42,3923.35,81.52,SETTLED
SET_dfbc4d66b,TXN_63E2879D,GW_b0b81f5262a,2026-08-19,1756.58,1721.45,35.13,SETTLED
SET_edf438eca,TXN_01C5A130,GW_a79940b4e4b,2026-08-30,250.49,245.48,9.13,SETTLED
SET_4b7b0ded1,TXN_0A7697B8,GW_22d74617548,2026-08-07,1923.03,1884.57,38.46,SETTLED
SET_665ecab50,TXN_FCE965C6,GW_c0e142ea285,2026-08-10,2211.43,2167.2,44.23,SETTLED
SET_be859ebc9,TXN_25EE1688,GW_da64816ebb9,2026-08-21,3316.77,3250.43,66.34,SETTLED
SET_db878ba03,TXN_EC160045,GW_c9f2e2f62f1,2026-08-29,3936.31,3857.58,78.73,SETTLED
SET_a14b6abe9,TXN_F37CD6CE,GW_330c3f219ea,2026-08-08,2111.42,2069.19,42.23,SETTLED
SET_73c1469ff,TXN_4792C914,GW_8b2b5d62734,2026-08-29,1559.47,1528.28,31.19,SETTLED
SET_50cc7ca43,TXN_596D74AA,GW_746137db46a,2026-09-03,3173.26,3109.79,63.47,SETTLED
SET_4a327deb0,TXN_91DA9048,GW_8b9533cef57,2026-08-25,3481.89,3412.25,69.64,SETTLED
SET_65bc8949e,TXN_3B27C33F,GW_fad4ff39502,2026-08-25,1765.39,1730.08,35.31,SETTLED
SET_a157affbd,TXN_C264392A,GW_d1b15a853c0,2026-08-27,3380.34,3312.73,67.61,SETTLED
SET_538494255,TXN_0C1F6C8E,GW_fbcd9c0818d,2026-08-17,3157.03,3093.89,63.14,SETTLED
SET_7ca1ea5ee,TXN_BE982F80,GW_ff75e679d73,2026-08-08,1829.09,1792.51,36.58,SETTLED
SET_601ecaeb8,TXN_0B4309E7,GW_9fac334d8fd,2026-08-16,1446.66,1417.73,28.93,SETTLED
SET_f7d2efde7,TXN_A72C7B5A,GW_61132d44dbc,2026-08-18,1688.27,1654.5,33.77,SETTLED
SET_11a28553c,TXN_38173A16,GW_207c611ce44,2026-08-07,4833.21,4736.55,96.66,SETTLED
SET_2cb88fc65,TXN_0F3F798C,GW_71c2d9d12f9,2026-09-02,1036.19,1015.47,20.72,SETTLED
SET_f1f09b726,TXN_BEC1A738,GW_e212deb7719,2026-08-24,807.69,791.54,16.15,SETTLED
SET_894f8ed9b,TXN_35B02BC7,GW_642cfa68e6b,2026-08-16,1048.09,1027.13,20.96,SETTLED
SET_5b429c18b,TXN_8316F667,GW_3bcf2499cd0,2026-08-24,3614.83,3542.53,72.3,SETTLED
SET_9359f05f6,TXN_197AFA57,GW_9cbb464d97d,2026-08-18,4307.72,4221.57,86.15,SETTLED
SET_04343e495,TXN_23EEECCD,GW_d7e79c5d0fb,2026-08-21,1269.54,1244.15,25.39,SETTLED
SET_5d6ee2f92,TXN_B5B8E667,GW_04d7dfbd9d9,2026-08-18,1365.14,1337.84,27.3,SETTLED
SET_c461e9b88,TXN_E76EB608,GW_09f84b7ac55,2026-08-23,1135.18,1112.48,22.7,SETTLED
SET_f911b3a1a,TXN_D823B4BE,GW_a0362402dca,2026-08-06,4167.54,4084.19,83.35,SETTLED
SET_ed49d09b9,TXN_5127B7DC,GW_2d12ac372ce,2026-08-28,4209.2,4125.02,84.18,SETTLED
SET_a78ffe414,TXN_7CFEBF9B,GW_eb457db2be8,2026-08-10,2545.96,2495.04,50.92,SETTLED
SET_ae2f45de1,TXN_9399209B,GW_104b49ddb17,2026-08-16,2993.15,2933.29,59.86,SETTLED
SET_d7a601ccb,TXN_EA231524,GW_9e73e180807,2026-08-16,1829.59,1793.0,36.59,SETTLED
SET_cb14a0640,TXN_4F1741EC,GW_ea25d720fde,2026-08-25,979.65,960.06,19.59,SETTLED
SET_70b74832d,TXN_2BF680A9,GW_0435b38611f,2026-08-31,4801.34,4705.31,96.03,SETTLED
SET_c66a1a9d5,TXN_37763F2E,GW_0ed2da3ba5a,2026-09-04,3044.68,2983.79,60.89,SETTLED
SET_030690f33,TXN_3AF8BCC4,GW_20c2fb06020,2026-08-17,2525.16,2474.66,50.5,SETTLED
SET_46220bf0b,TXN_89968B2D,GW_d2128631f86,2026-09-03,1008.66,988.49,20.17,SETTLED
SET_e8d6bb640,TXN_C456D9D7,GW_0d803543910,2026-08-14,4283.18,4197.52,85.66,SETTLED
SET_ad50e7d51,TXN_AB296B1C,GW_6c45194fccd,2026-08-07,4195.53,4111.62,83.91,SETTLED
SET_0e82da7d5,TXN_FC4595B7,GW_f0e5e111793,2026-08-12,3573.87,3502.39,71.48,SETTLED
SET_6ad67c602,TXN_50DEAE4A,GW_7a927d50781,2026-08-27,2926.32,2867.79,58.53,SETTLED
SET_bce9ff1e4,TXN_56170DFD,GW_0c3b5fa41de,2026-08-19,2697.28,2643.33,53.95,SETTLED
SET_436c36a11,TXN_6EFBD401,GW_d7b49544778,2026-08-20,1800.95,1764.93,36.02,SETTLED
SET_bd8877e66,TXN_9370E97E,GW_2462c1a77be,2026-08-08,4249.97,4164.97,85.0,SETTLED
SET_f8f2021b1,TXN_D092ABDB,GW_80e75c1deca,2026-08-23,542.75,531.89,10.86,SETTLED
SET_2d8d25d05,TXN_2228711A,GW_c920f95620f,2026-08-24,2111.77,2069.53,42.24,SETTLED
SET_371c84d06,TXN_43322875,GW_7f1103045cb,2026-08-29,4702.73,4608.68,94.05,SETTLED
SET_a697ce401,TXN_70524F8B,GW_b959ff52995,2026-08-16,4192.01,4108.17,83.84,SETTLED
SET_7f153793b,TXN_9B9EA359,GW_95f40637fd7,2026-08-11,2808.14,2751.98,56.16,SETTLED
SET_99ee608cc,TXN_890CCD63,GW_bdb0be8fb64,2026-08-10,2194.89,2150.99,43.9,SETTLED
SET_8c8b63bc7,TXN_9325439D,GW_dc6462936d4,2026-08-13,3478.09,3408.53,69.56,SETTLED
SET_f1e787681,TXN_80DD0719,GW_2534e9dca4d,2026-08-23,4218.56,4134.19,84.37,SETTLED
SET_de9f35380,TXN_65348E3F,GW_ab56d632a8b,2026-08-24,1764.02,1728.74,35.28,SETTLED
SET_486b3edd9,TXN_47719424,GW_3aced50bbca,2026-08-20,932.1,913.46,18.64,SETTLED
SET_84d49e789,TXN_74B82A99,GW_57f1b630e12,2026-08-22,2112.41,2070.16,42.25,SETTLED
SET_73c55865c,TXN_C21339D4,GW_4b9dcbe057c,2026-09-03,4660.96,4567.74,93.22,SETTLED
SET_e30faf3da,TXN_C130AC39,GW_854373ba91a,2026-09-03,3119.49,3057.1,62.39,SETTLED
SET_4d8880c0f,TXN_2431FE3A,GW_7cd2104525c,2026-09-04,4684.4,4590.71,93.69,SETTLED
SET_dc39b3d24,TXN_B9880474,GW_8b67a36db64,2026-08-09,1524.74,1494.25,32.48,SETTLED
SET_064bef75b,TXN_A0D4B6F8,GW_4c9cb935fb0,2026-08-30,2528.26,2477.69,50.57,SETTLED
SET_a31bb9e31,TXN_A0814331,GW_64d4604623a,2026-08-10,3869.05,3791.67,77.38,SETTLED
SET_c1114a936,TXN_660ED043,GW_e742db442e8,2026-08-24,78.26,76.69,1.57,SETTLED
SET_4a452fe45,TXN_B31AB8B3,GW_5598108b371,2026-08-17,1451.67,1422.64,29.03,SETTLED
SET_f7b2f6866,TXN_2DA7F8D9,GW_b7f8ec3934c,2026-08-23,3732.37,3657.72,74.65,SETTLED
SET_ab425aa82,TXN_4E299B36,GW_946e83b4df5,2026-08-25,1330.59,1303.98,26.61,SETTLED
SET_f0231e3e7,TXN_8D0E31A9,GW_966a6ef89b9,2026-08-24,1744.82,1709.92,34.9,SETTLED
SET_627e39ea3,TXN_ADE5FDF9,GW_4dee120b04a,2026-09-03,3220.1,3155.7,66.37,SETTLED
SET_4315df8b3,TXN_70DEE0B9,GW_52fa41d6f6c,2026-09-01,2285.21,2239.51,45.7,SETTLED
SET_616467f02,TXN_4D409D13,GW_adc6f18c6e5,2026-08-10,2753.64,2698.57,55.07,SETTLED
SET_33fa76c85,TXN_F6DBF7E5,GW_5e0c9ae6c7d,2026-08-21,2115.75,2073.44,42.31,SETTLED
SET_bf5ff820f,TXN_A9AD16D8,GW_002eb3790ce,2026-09-03,3677.94,3604.38,73.56,SETTLED
SET_65c116812,TXN_ADD53E7F,GW_88214fc4dda,2026-08-08,1564.22,1532.94,31.28,SETTLED
SET_d9ac83d30,TXN_52367CAD,GW_832a8054a9e,2026-08-19,742.94,728.08,14.86,SETTLED
SET_fabab406f,TXN_6CBD4D97,GW_2b8f3d40648,2026-08-15,251.53,246.5,5.03,SETTLED
SET_3d552947b,TXN_D6D85C5C,GW_64b6a5f13ae,2026-08-19,1421.85,1393.41,28.44,SETTLED
SET_98f2ffca7,TXN_EC089A5A,GW_d029805c887,2026-08-12,2103.51,2061.44,42.07,SETTLED
SET_092722777,TXN_A1CEFC18,GW_58d02d444a0,2026-08-26,1607.31,1575.16,32.15,SETTLED
SET_c6cf40257,TXN_3ECA1724,GW_b8af85dea56,2026-08-15,1824.83,1788.33,36.5,SETTLED
SET_50f2ef0b8,TXN_06CE51F9,GW_10cc6838d15,2026-08-07,485.62,475.91,9.71,SETTLED
SET_08c3d81c9,TXN_F7DFE2F7,GW_be5794b781e,2026-08-07,350.92,343.9,7.02,SETTLED
SET_425a44ba7,TXN_A4A5CB8B,GW_331ef3c8b69,2026-08-08,772.52,757.07,15.45,SETTLED
SET_be18c5fc3,TXN_0313D8CA,GW_b5b082a5c42,2026-08-31,1099.25,1077.27,21.98,SETTLED
SET_655a6a2b8,TXN_ABE5C7D0,GW_07f150ecab6,2026-08-18,4450.28,4361.27,89.01,SETTLED
SET_71a70086c,TXN_5613EACD,GW_fca00d054ae,2026-08-09,1038.04,1017.28,20.76,SETTLED
SET_2718b4f9d,TXN_E28D46B6,GW_03c14a52f88,2026-08-07,3331.16,3264.54,66.62,SETTLED
SET_f7cddcb22,TXN_7F87E1F4,GW_40cec050988,2026-09-03,2230.12,2185.52,44.6,SETTLED
SET_894478e3d,TXN_004EBC1A,GW_30ea5b02b99,2026-08-17,1944.12,1905.24,38.88,SETTLED
SET_3010ca9bc,TXN_08F33063,GW_968e1bdd93d,2026-08-13,1617.83,1585.47,32.36,SETTLED
SET_e3d2bdcd3,TXN_070F41FC,GW_e3890c0c544,2026-08-23,4380.12,4292.52,87.6,SETTLED
SET_753bd9788,TXN_D8535CDF,GW_854af77d110,2026-08-30,2709.51,2655.32,54.19,SETTLED
SET_670574c67,TXN_21164F4F,GW_cd0afd44d5b,2026-08-09,1469.82,1440.42,29.4,SETTLED
SET_b9c8992ce,TXN_BD08D606,GW_251e810d4a1,2026-08-25,4435.05,4346.35,88.7,SETTLED
SET_33d4a947f,TXN_432355C9,GW_04517d9b495,2026-09-02,3141.11,3078.29,62.82,SETTLED
SET_154922d73,TXN_C3C09ABD,GW_c0e6cf881e3,2026-08-09,529.46,518.87,10.59,SETTLED
SET_c7a378705,TXN_70C9E07F,GW_b639334eb07,2026-08-26,763.95,748.67,15.28,SETTLED
SET_8a0cd9b66,TXN_0D602271,GW_3e0f8afc47e,2026-08-17,4812.97,4716.71,96.26,SETTLED
SET_d95d355cb,TXN_8E207E1E,GW_1c8137647d6,2026-09-01,697.07,683.13,13.94,SETTLED
SET_441bbb6d6,TXN_F66EC59F,GW_7b161d41e29,2026-09-01,4772.26,4676.81,95.45,SETTLED
SET_a885996d5,TXN_6704F8C5,GW_dc4317d9b71,2026-08-20,4673.55,4580.08,93.47,SETTLED
SET_db7e36396,TXN_A120060D,GW_16ba012820b,2026-08-31,4606.76,4514.62,92.14,SETTLED
SET_90f0bf443,TXN_41145E9A,GW_b18168ef187,2026-08-18,1868.24,1830.88,37.36,SETTLED
SET_9b43cafde,TXN_C61459F9,GW_f81069d9b96,2026-08-27,2783.04,2727.38,55.66,SETTLED
SET_f53d63220,TXN_BBAFF4F0,GW_ed89a91963e,2026-08-31,1341.36,1314.53,26.83,SETTLED
SET_caf25831e,TXN_25BD998E,GW_b9b5dc84343,2026-08-18,2713.63,2659.36,54.27,SETTLED
SET_1efe3c5d9,TXN_46AD3925,GW_7ac5af65ce2,2026-08-24,2880.27,2822.66,57.61,SETTLED
SET_1903a41c0,TXN_097D30A6,GW_005394f6720,2026-08-16,4166.21,4082.89,83.32,SETTLED
SET_ea3c1dd6c,TXN_C4E429B9,GW_41974c8f887,2026-08-07,2065.88,2024.56,41.32,SETTLED
SET_2f169c4c7,TXN_DB948BF6,GW_1f0148241d3,2026-08-06,3057.32,2996.17,61.15,SETTLED
SET_457d1aa20,TXN_F3F6E693,GW_0f82cb042c3,2026-08-19,2513.45,2463.18,50.27,SETTLED
SET_03364a692,TXN_40704604,GW_8a70e3e327b,2026-09-09,4973.7,4874.23,99.47,SETTLED
SET_8ff58f416,TXN_D5C80ADB,GW_047cc428f45,2026-08-14,2082.22,2040.58,41.64,SETTLED
SET_6681d697f,TXN_414BA159,GW_99cbb085ee3,2026-08-28,1600.28,1568.27,32.01,SETTLED
SET_4738437e8,TXN_64823C67,GW_927fe372848,2026-08-21,4945.2,4846.3,98.9,SETTLED
SET_4136e885a,TXN_6E0C697A,GW_d7899b70aef,2026-08-13,1527.56,1497.01,30.55,SETTLED
SET_dca0cf8b8,TXN_AE78D009,GW_f7edd2a9f5f,2026-08-10,1731.58,1696.95,34.63,SETTLED
SET_c272707c4,TXN_79713931,GW_8c1e21b7044,2026-08-09,1933.97,1895.29,38.68,SETTLED
SET_9ef4ef517,TXN_F5CAD205,GW_28280e4ade3,2026-08-29,4081.91,4000.27,81.64,SETTLED
SET_72c03195d,TXN_0FBF03D3,GW_612e601412d,2026-08-16,535.5,524.79,10.71,SETTLED
SET_b10d74f01,TXN_8CCEF24D,GW_91c466218e9,2026-08-11,2445.14,2396.24,48.9,SETTLED
SET_7bf93a191,TXN_6B514052,GW_895f3148350,2026-08-11,3671.6,3598.17,73.43,SETTLED
SET_385887cfe,TXN_8DE1AAD1,GW_4fd9745e308,2026-08-31,3613.2,3540.94,72.26,SETTLED
SET_f4e3d4e97,TXN_B2AADC34,GW_b55f5321dff,2026-08-23,2308.27,2262.1,46.17,SETTLED
SET_55ffd74f9,TXN_87377B29,GW_7eb7e200f83,2026-08-19,321.11,314.69,6.42,SETTLED
SET_93e8501c0,TXN_9F762179,GW_b9cacc48101,2026-08-13,3614.24,3541.96,72.28,SETTLED
SET_bf2b475eb,TXN_6F3B2764,GW_79547bdafab,2026-08-30,1291.8,1265.96,25.84,SETTLED
SET_7121b4683,TXN_56665585,GW_9460c381a84,2026-08-08,3229.61,3165.02,64.59,SETTLED
SET_20f154e97,TXN_9D53C8B1,GW_93afccf11ff,2026-09-01,3068.96,3007.58,61.38,SETTLED
SET_4d3683fcf,TXN_540F395D,GW_aea96c4c274,2026-08-08,4032.36,3951.71,80.65,SETTLED
SET_21a2069b6,TXN_4D376EB6,GW_9a097cc2a0a,2026-08-24,4600.93,4508.91,92.02,SETTLED
SET_598059fc3,TXN_A6FDF47F,GW_ebb91370be0,2026-08-22,881.07,863.45,17.62,SETTLED
SET_b95aece90,TXN_1A316695,GW_a2fe37a3868,2026-08-21,2986.11,2926.39,59.72,SETTLED
SET_fc9bb9d63,TXN_001B995B,GW_795381a95b4,2026-08-17,616.28,603.95,12.33,SETTLED
SET_70c8c72ec,TXN_CB670ECD,GW_5b1bc1783ae,2026-08-13,4226.79,4142.25,84.54,SETTLED
SET_e3761c710,TXN_323408C2,GW_d45c863ceea,2026-08-19,4611.97,4519.73,92.24,SETTLED
SET_8d34bf1ea,TXN_C91DB5EA,GW_feb32f322d5,2026-08-30,115.38,113.07,2.31,SETTLED
SET_aca201876,TXN_87DAECDB,GW_caae72c2c9d,2026-08-09,1768.9,1733.52,35.38,SETTLED
SET_758de39db,TXN_8EFD23BC,GW_d08a4ac3529,2026-08-18,1835.76,1799.04,36.72,SETTLED
SET_18fe12241,TXN_ED68E1E9,GW_23d2ea10f29,2026-08-21,4103.18,4021.12,82.06,SETTLED
SET_78a3f850f,TXN_CBD0A351,GW_94cadee259a,2026-08-20,1037.24,1016.5,20.74,SETTLED
SET_6822e09dd,TXN_0BBBED6E,GW_d7e49b74961,2026-08-14,2121.13,2078.71,42.42,SETTLED
SET_b8199a7ca,TXN_F6875142,GW_fe1010b6c25,2026-08-15,2088.01,2046.25,41.76,SETTLED
SET_658d5081d,TXN_1B464C4C,GW_2737480a3d1,2026-08-27,1465.69,1436.38,29.31,SETTLED
SET_663d558a7,TXN_87FA2660,GW_cf9708a52cc,2026-08-16,794.41,778.52,15.89,SETTLED
SET_6642ab087,TXN_A349E585,GW_583737900de,2026-08-11,1235.34,1210.63,24.71,SETTLED
SET_68dbd7d8c,TXN_9A352EB9,GW_e8127d9d20b,2026-09-02,3495.07,3425.17,69.9,SETTLED
SET_5ea338646,TXN_AA35EAD9,GW_2e10268151f,2026-08-06,3777.64,3702.09,75.55,SETTLED
SET_9b145d87b,TXN_87E62CD5,GW_bbdcf04d298,2026-08-30,2716.42,2662.09,54.33,SETTLED
SET_dab0b3823,TXN_54472864,GW_faa91aaee87,2026-08-13,4022.17,3941.73,80.44,SETTLED
SET_f08e04f7b,TXN_5C41BC1F,GW_3f8482db110,2026-08-31,430.1,421.5,8.6,SETTLED
SET_167276cbd,TXN_EDFC155F,GW_5b979442763,2026-08-26,4889.49,4791.7,97.79,SETTLED
SET_de5bdd138,TXN_7BAC8DB0,GW_638189fb549,2026-08-18,1129.33,1106.74,22.59,SETTLED
SET_c08096201,TXN_B1952320,GW_6f55f13b0e5,2026-08-22,828.89,812.31,16.58,SETTLED
SET_1726f3835,TXN_A2311843,GW_0567b855296,2026-08-06,3051.37,2990.34,61.03,SETTLED
SET_a87a5aa99,TXN_796DC8C9,GW_466d6553664,2026-08-06,1294.28,1268.39,30.7,SETTLED
SET_5e7a18286,TXN_D178333A,GW_a206737f737,2026-08-16,1942.58,1903.73,38.85,SETTLED
SET_b1ec7c3e4,TXN_FF89D227,GW_c884341be33,2026-08-18,1658.76,1625.58,33.18,SETTLED
SET_7c2d7db22,TXN_85F3779A,GW_9810b0476ea,2026-08-26,87.81,86.05,1.76,SETTLED
SET_6554689a0,TXN_03A70638,GW_30ac652eb58,2026-08-23,1149.33,1126.34,22.99,SETTLED
SET_4ac05a615,TXN_DC5E6F3A,GW_77ff44ae90b,2026-08-06,4730.82,4636.2,94.62,SETTLED
SET_296fa1756,TXN_F6B1BAAC,GW_587962697b6,2026-08-29,3234.14,3169.46,64.68,SETTLED
SET_1b4a585da,TXN_1339F33C,GW_3af1c628a8e,2026-08-13,1281.58,1255.95,25.63,SETTLED
SET_f9376b200,TXN_2CB2770F,GW_c652ec4a589,2026-09-04,2939.34,2880.55,58.79,SETTLED
SET_580072240,TXN_C29E02C1,GW_688d0e2d684,2026-08-15,4697.66,4603.71,93.95,SETTLED
SET_1cb8fd8c9,TXN_82F4F0E0,GW_3293bdba193,2026-08-25,1329.93,1303.33,26.6,SETTLED
SET_48b204a94,TXN_6E3A43CE,GW_59527b72606,2026-09-05,4193.01,4109.15,83.86,SETTLED
SET_8ca12128a,TXN_4F05EAAE,GW_92f7404bc4a,2026-08-27,2660.9,2607.68,53.22,SETTLED
SET_e0b7d226b,TXN_F7762D13,GW_f2f85bb8698,2026-08-22,4984.49,4884.8,99.69,SETTLED
SET_804b9139d,TXN_D6A7FEFC,GW_6e25e3a12ba,2026-09-03,416.56,408.23,10.36,SETTLED
SET_82598b53d,TXN_53BACA78,GW_4e2ba7866e9,2026-08-27,1989.7,1949.91,39.79,SETTLED
SET_cb37c9639,TXN_CA3FAF2E,GW_9fcdab8ae8a,2026-08-07,1474.87,1445.37,29.5,SETTLED
SET_ee4a8d207,TXN_17C126C9,GW_3da2bbbb4b9,2026-08-13,4947.47,4848.52,98.95,SETTLED
SET_ae8b9e99f,TXN_773FED37,GW_e33025c69a5,2026-08-16,3913.13,3834.87,78.26,SETTLED
SET_bae02b9a0,TXN_4A6E1DFC,GW_222ba3ad398,2026-09-03,497.14,487.2,9.94,SETTLED
SET_198ca9bfe,TXN_7314B431,GW_75734c9589d,2026-08-13,2107.68,2065.53,42.15,SETTLED
SET_12f6f42c0,TXN_68642E9A,GW_f28c9717ea3,2026-09-01,1861.1,1823.88,37.22,SETTLED
SET_23b18cd50,TXN_EBF4D263,GW_607ecdb0cd4,2026-08-20,2558.2,2507.04,51.16,SETTLED
SET_1b3193b67,TXN_035321A3,GW_124234b619a,2026-08-20,1959.48,1920.29,39.19,SETTLED
SET_407aca34d,TXN_17BB946F,GW_78bc8c77551,2026-08-27,3419.72,3351.33,68.39,SETTLED
SET_a53a95663,TXN_BF98870A,GW_e91721ca15e,2026-09-02,1183.38,1159.71,23.67,SETTLED
SET_3761aec60,TXN_BB486944,GW_da698f59873,2026-08-18,2819.38,2762.99,56.39,SETTLED
SET_a94dab667,TXN_914F5A31,GW_a440a15ccad,2026-08-12,4721.16,4626.74,94.42,SETTLED
SET_611229d26,TXN_458F7F06,GW_2cd1e8d6fdd,2026-08-07,2167.19,2123.85,43.34,SETTLED
SET_2bfafdfb4,TXN_0B472117,GW_b877e02ba33,2026-08-09,2286.41,2240.68,45.73,SETTLED
SET_c2b604d09,TXN_6A9B8982,GW_aa1ecd5f553,2026-08-31,922.9,904.44,18.46,SETTLED
SET_00242b8bd,TXN_938619A8,GW_fee440f3d6e,2026-08-30,3421.54,3353.11,68.43,SETTLED
SET_cecab0bf8,TXN_53A46FF5,GW_4132f449608,2026-08-31,3750.71,3675.7,75.01,SETTLED
SET_284fef5eb,TXN_8E77EBF0,GW_1ca3c8eef44,2026-08-19,473.37,463.9,9.47,SETTLED
SET_eb78292b2,TXN_677B8A2A,GW_79c9edf426d,2026-08-17,1955.63,1916.52,39.11,SETTLED
SET_88bf7091d,TXN_D8CD8710,GW_631c8702a7b,2026-08-14,4910.59,4812.38,98.21,SETTLED
SET_b17c82a11,TXN_B0C39B6C,GW_559788487ae,2026-08-22,1603.21,1571.15,32.06,SETTLED
SET_d4412bb58,TXN_7C6A2242,GW_6ccf10e1c88,2026-08-25,3691.27,3617.44,73.83,SETTLED
SET_63e95e554,TXN_23E80600,GW_dea2135bfe9,2026-09-04,685.97,672.25,13.72,SETTLED
SET_c834be06d,TXN_0EC5C85A,GW_ae056c3f187,2026-08-24,4902.04,4804.0,98.04,SETTLED
SET_e948164d8,TXN_80D17625,GW_71e976fd1cb,2026-08-28,4658.65,4565.48,93.17,SETTLED
SET_268b311a8,TXN_FB1CEDE1,GW_86f940b3bb4,2026-08-30,3220.73,3156.32,64.41,SETTLED
SET_6da8202ae,TXN_426262B1,GW_f20fc0cee75,2026-08-08,1576.76,1545.22,31.54,SETTLED
SET_e3155ed05,TXN_846BA780,GW_0d82a46d436,2026-08-28,1967.76,1928.4,39.36,SETTLED
SET_ca057ae9f,TXN_4834EC6E,GW_ff971a54fb1,2026-08-14,2737.35,2682.6,54.75,SETTLED
SET_09af12bf0,TXN_8DF5FCE7,GW_64cbbd0243a,2026-08-20,805.63,789.52,16.11,SETTLED
SET_d0a3f36c0,TXN_16AA55A2,GW_0b8d156f39f,2026-09-01,2184.96,2141.26,46.53,SETTLED
SET_636d4f9dc,TXN_4066B234,GW_727aa4aa7e5,2026-08-29,4826.75,4730.22,96.53,SETTLED
SET_2d0e02166,TXN_C3FA819C,GW_10511937a90,2026-08-13,312.07,305.83,6.24,SETTLED
SET_c592ef81a,TXN_2AD0BD93,GW_2c80ad18981,2026-09-01,3382.22,3314.58,67.64,SETTLED
SET_3de07a6fe,TXN_4032ED35,GW_b443e35d78a,2026-08-27,3660.38,3587.17,73.21,SETTLED
SET_f4e0f068f,TXN_7D810C5F,GW_898910c15e6,2026-08-13,1341.95,1315.11,26.84,SETTLED
SET_ca4a1cc04,TXN_AB9E6FC6,GW_af7c8368d83,2026-08-13,305.32,299.21,6.11,SETTLED
SET_3007f948d,TXN_F697D050,GW_b1e897fbea3,2026-08-12,4993.47,4893.6,99.87,SETTLED
SET_10d6c0bf9,TXN_3BF28942,GW_28d577e7493,2026-08-18,295.86,289.94,5.92,SETTLED
SET_3c2df8df9,TXN_E7EBAE77,GW_515777f58cb,2026-08-16,2465.07,2415.77,49.3,SETTLED
SET_b8ea52f84,TXN_2890C60D,GW_4045f0dbffe,2026-09-01,1147.12,1124.18,22.94,SETTLED
SET_bb22f1691,TXN_F864AAB5,GW_9ddaef771a3,2026-08-16,297.87,291.91,5.96,SETTLED
SET_ed5e7d0de,TXN_598CEF92,GW_848ad18f258,2026-08-14,839.35,822.56,16.79,SETTLED
SET_cfa83b5a7,TXN_74908E9D,GW_48dd2d942ff,2026-09-03,4266.92,4181.58,85.34,SETTLED
SET_4d3867b0f,TXN_F8A9F1DD,GW_8e0c74df263,2026-09-04,2075.04,2033.54,41.5,SETTLED
SET_2f3270e88,TXN_1430A582,GW_677c1d64cb6,2026-08-12,1400.98,1372.96,28.02,SETTLED
SET_a875e945c,TXN_EFEFC504,GW_aa74e540a51,2026-08-21,176.0,172.48,3.52,SETTLED
SET_b42ca7e51,TXN_2B9E80C9,GW_83b269fd239,2026-08-06,1333.39,1306.72,26.67,SETTLED
SET_19ac01b5f,TXN_18B25B88,GW_75fce110242,2026-08-28,233.17,228.51,4.66,SETTLED
SET_03926f50b,TXN_E363A373,GW_373bab22998,2026-08-20,658.66,645.49,13.17,SETTLED
SET_3bec1f531,TXN_818D8135,GW_d7c61efdea1,2026-08-23,2692.99,2639.13,53.86,SETTLED
SET_ac463df0c,TXN_91F3ED09,GW_d4243079c2a,2026-08-21,2357.69,2310.54,47.15,SETTLED
SET_d29151fce,TXN_5D43FCCF,GW_c30544137d5,2026-08-28,3349.02,3282.04,66.98,SETTLED
SET_722c31cc0,TXN_7F97381F,GW_7b9769ccc27,2026-08-22,1935.29,1896.58,38.71,SETTLED
SET_cc38b4168,TXN_D55660F7,GW_a9311343ac9,2026-08-17,2528.65,2478.08,50.57,SETTLED
